[0m22:13:20.251497 [debug] [MainThread]: Sending event: {'category': 'dbt', 'action': 'invocation', 'label': 'start', 'context': [<snowplow_tracker.self_describing_json.SelfDescribingJson object at 0x0000016D03033560>, <snowplow_tracker.self_describing_json.SelfDescribingJson object at 0x0000016D02F79E20>, <snowplow_tracker.self_describing_json.SelfDescribingJson object at 0x0000016D02F7AFC0>]}


============================== 22:13:20.256506 | 598df109-7520-4ba8-862d-2639cccc6474 ==============================
[0m22:13:20.256506 [info ] [MainThread]: Running with dbt=1.11.11
[0m22:13:20.257503 [debug] [MainThread]: running dbt with arguments {'version_check': 'True', 'no_print': 'None', 'static_parser': 'True', 'target_path': 'None', 'warn_error_options': 'WarnErrorOptionsV2(error=[], warn=[], silence=[])', 'printer_width': '80', 'write_json': 'True', 'introspect': 'True', 'log_cache_events': 'False', 'empty': 'None', 'cache_selected_only': 'False', 'log_format': 'default', 'debug': 'False', 'fail_fast': 'False', 'partial_parse': 'True', 'send_anonymous_usage_stats': 'True', 'quiet': 'False', 'warn_error': 'None', 'profiles_dir': 'C:\\Users\\daiko\\.dbt', 'indirect_selection': 'eager', 'invocation_command': 'dbt init portfolio-tracker', 'use_colors': 'True', 'use_experimental_parser': 'False', 'log_path': 'logs'}
[0m22:14:09.733677 [debug] [MainThread]: Starter project path: C:\Users\daiko\My_Projects\GITHUB_projects\DBT\.env_dbt\Lib\site-packages\dbt\include\starter_project
[0m22:14:09.762598 [info ] [MainThread]: 
Your new dbt project "portfolio_tracker" was created!

For more information on how to configure the profiles.yml file,
please consult the dbt documentation here:

  https://docs.getdbt.com/docs/configure-your-profile

One more thing:

Need help? Don't hesitate to reach out to us via GitHub issues or on Slack:

  https://community.getdbt.com/

Happy modeling!

[0m22:14:09.765681 [info ] [MainThread]: Setting up your profile.
[0m22:14:13.284895 [debug] [MainThread]: Snowflake adapter: Setting snowflake.connector to ERROR (file logging only)
[0m22:14:13.285895 [debug] [MainThread]: Snowflake adapter: Setting botocore to ERROR (file logging only)
[0m22:14:13.285895 [debug] [MainThread]: Snowflake adapter: Setting boto3 to ERROR (file logging only)
[0m22:17:45.351723 [info ] [MainThread]: Profile portfolio_tracker written to C:\Users\daiko\.dbt\profiles.yml using target's profile_template.yml and your supplied values. Run 'dbt debug' to validate the connection.
[0m22:17:45.354711 [debug] [MainThread]: Command `dbt init` succeeded at 22:17:45.354711 after 265.24 seconds
[0m22:17:45.355711 [debug] [MainThread]: Sending event: {'category': 'dbt', 'action': 'invocation', 'label': 'end', 'context': [<snowplow_tracker.self_describing_json.SelfDescribingJson object at 0x0000016D05B02CC0>, <snowplow_tracker.self_describing_json.SelfDescribingJson object at 0x0000016D061460F0>, <snowplow_tracker.self_describing_json.SelfDescribingJson object at 0x0000016D061453D0>]}
[0m22:17:45.356709 [debug] [MainThread]: Flushing usage events
[0m22:17:46.079262 [debug] [MainThread]: An error was encountered while trying to flush usage events
[0m22:17:57.903890 [debug] [MainThread]: Sending event: {'category': 'dbt', 'action': 'invocation', 'label': 'start', 'context': [<snowplow_tracker.self_describing_json.SelfDescribingJson object at 0x000002036E25B710>, <snowplow_tracker.self_describing_json.SelfDescribingJson object at 0x000002036AF4A3F0>, <snowplow_tracker.self_describing_json.SelfDescribingJson object at 0x000002036D6978F0>]}


============================== 22:17:57.908049 | d1285365-81a8-4a73-a6df-6c516942a123 ==============================
[0m22:17:57.908049 [info ] [MainThread]: Running with dbt=1.11.11
[0m22:17:57.908891 [debug] [MainThread]: running dbt with arguments {'static_parser': 'True', 'no_print': 'None', 'version_check': 'True', 'target_path': 'None', 'warn_error_options': 'WarnErrorOptionsV2(error=[], warn=[], silence=[])', 'printer_width': '80', 'write_json': 'True', 'introspect': 'True', 'log_cache_events': 'False', 'empty': 'None', 'cache_selected_only': 'False', 'fail_fast': 'False', 'debug': 'False', 'log_format': 'default', 'profiles_dir': 'C:\\Users\\daiko\\.dbt', 'send_anonymous_usage_stats': 'True', 'quiet': 'False', 'warn_error': 'None', 'partial_parse': 'True', 'invocation_command': 'dbt debug', 'indirect_selection': 'eager', 'use_colors': 'True', 'use_experimental_parser': 'False', 'log_path': 'logs'}
[0m22:17:57.924891 [info ] [MainThread]: dbt version: 1.11.11
[0m22:17:57.925892 [info ] [MainThread]: python version: 3.12.3
[0m22:17:57.926892 [info ] [MainThread]: python path: C:\Users\daiko\My_Projects\GITHUB_projects\DBT\.env_dbt\Scripts\python.exe
[0m22:17:57.927891 [info ] [MainThread]: os info: Windows-10-10.0.19045-SP0
[0m22:17:57.933896 [info ] [MainThread]: Error importing adapter: No module named 'dbt.adapters.postgres'
[0m22:17:58.266862 [debug] [MainThread]: Snowflake adapter: Setting snowflake.connector to ERROR (file logging only)
[0m22:17:58.267862 [debug] [MainThread]: Snowflake adapter: Setting botocore to ERROR (file logging only)
[0m22:17:58.268867 [debug] [MainThread]: Snowflake adapter: Setting boto3 to ERROR (file logging only)
[0m22:17:58.387866 [info ] [MainThread]: Using profiles dir at C:\Users\daiko\.dbt
[0m22:17:58.388872 [info ] [MainThread]: Using profiles.yml file at C:\Users\daiko\.dbt\profiles.yml
[0m22:17:58.389862 [info ] [MainThread]: Using dbt_project.yml file at C:\Users\daiko\My_Projects\GITHUB_projects\DBT\DBT_projects_tutorials\stock-portfolio-tracker-analytics-dbt\dbt_project.yml
[0m22:17:58.389862 [info ] [MainThread]: Configuration:
[0m22:17:58.390869 [info ] [MainThread]:   profiles.yml file [[31mERROR invalid[0m]
[0m22:17:58.390869 [info ] [MainThread]:   dbt_project.yml file [[31mERROR not found[0m]
[0m22:17:58.391861 [info ] [MainThread]: Required dependencies:
[0m22:17:58.392861 [debug] [MainThread]: Executing "git --help"
[0m22:17:58.419862 [debug] [MainThread]: STDOUT: "b"usage: git [-v | --version] [-h | --help] [-C <path>] [-c <name>=<value>]\n           [--exec-path[=<path>]] [--html-path] [--man-path] [--info-path]\n           [-p | --paginate | -P | --no-pager] [--no-replace-objects] [--no-lazy-fetch]\n           [--no-optional-locks] [--no-advice] [--bare] [--git-dir=<path>]\n           [--work-tree=<path>] [--namespace=<name>] [--config-env=<name>=<envvar>]\n           <command> [<args>]\n\nThese are common Git commands used in various situations:\n\nstart a working area (see also: git help tutorial)\n   clone      Clone a repository into a new directory\n   init       Create an empty Git repository or reinitialize an existing one\n\nwork on the current change (see also: git help everyday)\n   add        Add file contents to the index\n   mv         Move or rename a file, a directory, or a symlink\n   restore    Restore working tree files\n   rm         Remove files from the working tree and from the index\n\nexamine the history and state (see also: git help revisions)\n   bisect     Use binary search to find the commit that introduced a bug\n   diff       Show changes between commits, commit and working tree, etc\n   grep       Print lines matching a pattern\n   log        Show commit logs\n   show       Show various types of objects\n   status     Show the working tree status\n\ngrow, mark and tweak your common history\n   backfill   Download missing objects in a partial clone\n   branch     List, create, or delete branches\n   commit     Record changes to the repository\n   merge      Join two or more development histories together\n   rebase     Reapply commits on top of another base tip\n   reset      Reset current HEAD to the specified state\n   switch     Switch branches\n   tag        Create, list, delete or verify a tag object signed with GPG\n\ncollaborate (see also: git help workflows)\n   fetch      Download objects and refs from another repository\n   pull       Fetch from and integrate with another repository or a local branch\n   push       Update remote refs along with associated objects\n\n'git help -a' and 'git help -g' list available subcommands and some\nconcept guides. See 'git help <command>' or 'git help <concept>'\nto read about a specific subcommand or concept.\nSee 'git help git' for an overview of the system.\n""
[0m22:17:58.420869 [debug] [MainThread]: STDERR: "b''"
[0m22:17:58.421875 [info ] [MainThread]:  - git [[32mOK found[0m]

[0m22:17:58.421875 [info ] [MainThread]: Connection test skipped since no profile was found
[0m22:17:58.422862 [info ] [MainThread]: [31m2 checks failed:[0m
[0m22:17:58.422862 [info ] [MainThread]: Could not load dbt_project.yml
Profile loading failed for the following reason:
Runtime Error
  Credentials in profile "aws_common_crawl_semantics_project", target "dev" invalid: Runtime Error
    Could not find adapter type postgres!


[0m22:17:58.423861 [info ] [MainThread]: Project loading failed for the following reason:
 project path <C:\Users\daiko\My_Projects\GITHUB_projects\DBT\DBT_projects_tutorials\stock-portfolio-tracker-analytics-dbt\dbt_project.yml> not found

[0m22:17:58.425871 [debug] [MainThread]: Command `dbt debug` failed at 22:17:58.424862 after 0.65 seconds
[0m22:17:58.425871 [debug] [MainThread]: Sending event: {'category': 'dbt', 'action': 'invocation', 'label': 'end', 'context': [<snowplow_tracker.self_describing_json.SelfDescribingJson object at 0x000002036F39FC80>, <snowplow_tracker.self_describing_json.SelfDescribingJson object at 0x000002036E391FA0>, <snowplow_tracker.self_describing_json.SelfDescribingJson object at 0x0000020370505430>]}
[0m22:17:58.426861 [debug] [MainThread]: Flushing usage events
[0m22:17:59.349169 [debug] [MainThread]: An error was encountered while trying to flush usage events
[0m22:20:30.056603 [debug] [MainThread]: Sending event: {'category': 'dbt', 'action': 'invocation', 'label': 'start', 'context': [<snowplow_tracker.self_describing_json.SelfDescribingJson object at 0x00000281B74079E0>, <snowplow_tracker.self_describing_json.SelfDescribingJson object at 0x00000281B784C740>, <snowplow_tracker.self_describing_json.SelfDescribingJson object at 0x00000281B7AE0680>]}


============================== 22:20:30.060554 | d069ae16-d0aa-4463-a6a4-13802112c483 ==============================
[0m22:20:30.060554 [info ] [MainThread]: Running with dbt=1.11.11
[0m22:20:30.061555 [debug] [MainThread]: running dbt with arguments {'static_parser': 'True', 'no_print': 'None', 'version_check': 'True', 'target_path': 'None', 'warn_error_options': 'WarnErrorOptionsV2(error=[], warn=[], silence=[])', 'printer_width': '80', 'write_json': 'True', 'empty': 'None', 'log_cache_events': 'False', 'introspect': 'True', 'cache_selected_only': 'False', 'fail_fast': 'False', 'debug': 'False', 'log_format': 'default', 'profiles_dir': 'C:\\Users\\daiko\\.dbt', 'send_anonymous_usage_stats': 'True', 'quiet': 'False', 'warn_error': 'None', 'partial_parse': 'True', 'use_colors': 'True', 'invocation_command': 'dbt debug', 'indirect_selection': 'eager', 'use_experimental_parser': 'False', 'log_path': 'logs'}
[0m22:20:30.080555 [info ] [MainThread]: dbt version: 1.11.11
[0m22:20:30.080555 [info ] [MainThread]: python version: 3.12.3
[0m22:20:30.081554 [info ] [MainThread]: python path: C:\Users\daiko\My_Projects\GITHUB_projects\DBT\.env_dbt\Scripts\python.exe
[0m22:20:30.081554 [info ] [MainThread]: os info: Windows-10-10.0.19045-SP0
[0m22:20:30.424224 [debug] [MainThread]: Snowflake adapter: Setting snowflake.connector to ERROR (file logging only)
[0m22:20:30.424224 [debug] [MainThread]: Snowflake adapter: Setting botocore to ERROR (file logging only)
[0m22:20:30.425225 [debug] [MainThread]: Snowflake adapter: Setting boto3 to ERROR (file logging only)
[0m22:20:30.543224 [info ] [MainThread]: Using profiles dir at C:\Users\daiko\.dbt
[0m22:20:30.544225 [info ] [MainThread]: Using profiles.yml file at C:\Users\daiko\.dbt\profiles.yml
[0m22:20:30.545226 [info ] [MainThread]: Using dbt_project.yml file at C:\Users\daiko\My_Projects\GITHUB_projects\DBT\DBT_projects_tutorials\stock-portfolio-tracker-analytics-dbt\dbt_project.yml
[0m22:20:30.547265 [info ] [MainThread]: adapter type: snowflake
[0m22:20:30.547265 [info ] [MainThread]: adapter version: 1.11.5
[0m22:20:30.548224 [info ] [MainThread]: Configuration:
[0m22:20:30.548224 [info ] [MainThread]:   profiles.yml file [[32mOK found and valid[0m]
[0m22:20:30.549311 [info ] [MainThread]:   dbt_project.yml file [[31mERROR not found[0m]
[0m22:20:30.550224 [info ] [MainThread]: Required dependencies:
[0m22:20:30.551226 [debug] [MainThread]: Executing "git --help"
[0m22:20:30.578388 [debug] [MainThread]: STDOUT: "b"usage: git [-v | --version] [-h | --help] [-C <path>] [-c <name>=<value>]\n           [--exec-path[=<path>]] [--html-path] [--man-path] [--info-path]\n           [-p | --paginate | -P | --no-pager] [--no-replace-objects] [--no-lazy-fetch]\n           [--no-optional-locks] [--no-advice] [--bare] [--git-dir=<path>]\n           [--work-tree=<path>] [--namespace=<name>] [--config-env=<name>=<envvar>]\n           <command> [<args>]\n\nThese are common Git commands used in various situations:\n\nstart a working area (see also: git help tutorial)\n   clone      Clone a repository into a new directory\n   init       Create an empty Git repository or reinitialize an existing one\n\nwork on the current change (see also: git help everyday)\n   add        Add file contents to the index\n   mv         Move or rename a file, a directory, or a symlink\n   restore    Restore working tree files\n   rm         Remove files from the working tree and from the index\n\nexamine the history and state (see also: git help revisions)\n   bisect     Use binary search to find the commit that introduced a bug\n   diff       Show changes between commits, commit and working tree, etc\n   grep       Print lines matching a pattern\n   log        Show commit logs\n   show       Show various types of objects\n   status     Show the working tree status\n\ngrow, mark and tweak your common history\n   backfill   Download missing objects in a partial clone\n   branch     List, create, or delete branches\n   commit     Record changes to the repository\n   merge      Join two or more development histories together\n   rebase     Reapply commits on top of another base tip\n   reset      Reset current HEAD to the specified state\n   switch     Switch branches\n   tag        Create, list, delete or verify a tag object signed with GPG\n\ncollaborate (see also: git help workflows)\n   fetch      Download objects and refs from another repository\n   pull       Fetch from and integrate with another repository or a local branch\n   push       Update remote refs along with associated objects\n\n'git help -a' and 'git help -g' list available subcommands and some\nconcept guides. See 'git help <command>' or 'git help <concept>'\nto read about a specific subcommand or concept.\nSee 'git help git' for an overview of the system.\n""
[0m22:20:30.579243 [debug] [MainThread]: STDERR: "b''"
[0m22:20:30.579243 [info ] [MainThread]:  - git [[32mOK found[0m]

[0m22:20:30.580244 [info ] [MainThread]: Connection:
[0m22:20:30.580244 [info ] [MainThread]:   account: LDDEMIG-HJ34452.snowflakecomputing.com
[0m22:20:30.581743 [info ] [MainThread]:   user: SAMSNOWLIMBU004
[0m22:20:30.582653 [info ] [MainThread]:   database: PORTFOLIO_TRACKER
[0m22:20:30.583430 [info ] [MainThread]:   warehouse: COMPUTE_WH
[0m22:20:30.584241 [info ] [MainThread]:   role: DB_EXECUTOR_ROLE
[0m22:20:30.584241 [info ] [MainThread]:   schema: DBO
[0m22:20:30.585590 [info ] [MainThread]:   authenticator: None
[0m22:20:30.586269 [info ] [MainThread]:   oauth_client_id: None
[0m22:20:30.586269 [info ] [MainThread]:   query_tag: None
[0m22:20:30.587242 [info ] [MainThread]:   client_session_keep_alive: False
[0m22:20:30.587242 [info ] [MainThread]:   host: None
[0m22:20:30.588244 [info ] [MainThread]:   port: None
[0m22:20:30.589244 [info ] [MainThread]:   proxy_host: None
[0m22:20:30.589841 [info ] [MainThread]:   proxy_port: None
[0m22:20:30.590479 [info ] [MainThread]:   protocol: None
[0m22:20:30.591471 [info ] [MainThread]:   connect_retries: 1
[0m22:20:30.592242 [info ] [MainThread]:   connect_timeout: None
[0m22:20:30.592242 [info ] [MainThread]:   retry_on_database_errors: False
[0m22:20:30.593335 [info ] [MainThread]:   retry_all: False
[0m22:20:30.595244 [info ] [MainThread]:   insecure_mode: False
[0m22:20:30.596241 [info ] [MainThread]:   reuse_connections: True
[0m22:20:30.596241 [info ] [MainThread]:   s3_stage_vpce_dns_name: None
[0m22:20:30.597969 [info ] [MainThread]:   platform_detection_timeout_seconds: 0.0
[0m22:20:30.599242 [info ] [MainThread]: Registered adapter: snowflake=1.11.5
[0m22:20:30.994350 [debug] [MainThread]: Acquiring new snowflake connection 'debug'
[0m22:20:31.141353 [debug] [MainThread]: Using snowflake connection "debug"
[0m22:20:31.142356 [debug] [MainThread]: On debug: select 1 as id
[0m22:20:31.143349 [debug] [MainThread]: Opening a new connection, currently in state init
[0m22:20:34.068525 [debug] [MainThread]: Snowflake adapter: Error running SQL: select 1 as id
[0m22:20:34.068525 [debug] [MainThread]: Snowflake adapter: Rolling back transaction.
[0m22:20:34.071506 [info ] [MainThread]:   Connection test: [[31mERROR[0m]

[0m22:20:34.072519 [info ] [MainThread]: [31m2 checks failed:[0m
[0m22:20:34.073430 [info ] [MainThread]: Project loading failed for the following reason:
 project path <C:\Users\daiko\My_Projects\GITHUB_projects\DBT\DBT_projects_tutorials\stock-portfolio-tracker-analytics-dbt\dbt_project.yml> not found

[0m22:20:34.074428 [info ] [MainThread]: dbt was unable to connect to the specified database.
The database returned the following error:

  >Database Error
  290404 (08001): 404 Not Found: post LDDEMIG-HJ34452.snowflakecomputing.com.snowflakecomputing.com:443/session/v1/login-request

Check your database credentials and try again. For more information, visit:
https://docs.getdbt.com/docs/configure-your-profile


[0m22:20:34.076430 [debug] [MainThread]: Command `dbt debug` failed at 22:20:34.076430 after 4.15 seconds
[0m22:20:34.077675 [debug] [MainThread]: Connection 'debug' was left open.
[0m22:20:34.078426 [debug] [MainThread]: On debug: No close available on handle
[0m22:20:34.079519 [debug] [MainThread]: Sending event: {'category': 'dbt', 'action': 'invocation', 'label': 'end', 'context': [<snowplow_tracker.self_describing_json.SelfDescribingJson object at 0x00000281B4CB64E0>, <snowplow_tracker.self_describing_json.SelfDescribingJson object at 0x00000281B7B4F890>, <snowplow_tracker.self_describing_json.SelfDescribingJson object at 0x00000281B43C2870>]}
[0m22:20:34.079519 [debug] [MainThread]: Flushing usage events
[0m22:20:34.963390 [debug] [MainThread]: An error was encountered while trying to flush usage events
[0m22:28:04.753906 [debug] [MainThread]: Sending event: {'category': 'dbt', 'action': 'invocation', 'label': 'start', 'context': [<snowplow_tracker.self_describing_json.SelfDescribingJson object at 0x000001681D81D310>, <snowplow_tracker.self_describing_json.SelfDescribingJson object at 0x000001681CCD1EE0>, <snowplow_tracker.self_describing_json.SelfDescribingJson object at 0x000001681D5A0EC0>]}


============================== 22:28:04.757915 | fdc5a9c5-00f1-44dc-88f4-bdae2292999b ==============================
[0m22:28:04.757915 [info ] [MainThread]: Running with dbt=1.11.11
[0m22:28:04.758906 [debug] [MainThread]: running dbt with arguments {'version_check': 'True', 'no_print': 'None', 'static_parser': 'True', 'target_path': 'None', 'warn_error_options': 'WarnErrorOptionsV2(error=[], warn=[], silence=[])', 'printer_width': '80', 'write_json': 'True', 'introspect': 'True', 'log_cache_events': 'False', 'empty': 'None', 'cache_selected_only': 'False', 'log_format': 'default', 'debug': 'False', 'fail_fast': 'False', 'profiles_dir': 'C:\\Users\\daiko\\.dbt', 'send_anonymous_usage_stats': 'True', 'quiet': 'False', 'warn_error': 'None', 'partial_parse': 'True', 'use_colors': 'True', 'invocation_command': 'dbt debug', 'indirect_selection': 'eager', 'use_experimental_parser': 'False', 'log_path': 'C:\\Users\\daiko\\My_Projects\\GITHUB_projects\\DBT\\DBT_projects_tutorials\\stock-portfolio-tracker-analytics-dbt\\logs'}
[0m22:28:04.775911 [info ] [MainThread]: dbt version: 1.11.11
[0m22:28:04.776910 [info ] [MainThread]: python version: 3.12.3
[0m22:28:04.777908 [info ] [MainThread]: python path: C:\Users\daiko\My_Projects\GITHUB_projects\DBT\.env_dbt\Scripts\python.exe
[0m22:28:04.778906 [info ] [MainThread]: os info: Windows-10-10.0.19045-SP0
[0m22:28:05.138429 [debug] [MainThread]: Snowflake adapter: Setting snowflake.connector to ERROR (file logging only)
[0m22:28:05.138809 [debug] [MainThread]: Snowflake adapter: Setting botocore to ERROR (file logging only)
[0m22:28:05.139830 [debug] [MainThread]: Snowflake adapter: Setting boto3 to ERROR (file logging only)
[0m22:28:05.257754 [info ] [MainThread]: Using profiles dir at C:\Users\daiko\.dbt
[0m22:28:05.258768 [info ] [MainThread]: Using profiles.yml file at C:\Users\daiko\.dbt\profiles.yml
[0m22:28:05.259770 [info ] [MainThread]: Using dbt_project.yml file at C:\Users\daiko\My_Projects\GITHUB_projects\DBT\DBT_projects_tutorials\stock-portfolio-tracker-analytics-dbt\dbt_project.yml
[0m22:28:05.260815 [info ] [MainThread]: adapter type: snowflake
[0m22:28:05.261769 [info ] [MainThread]: adapter version: 1.11.5
[0m22:28:05.373844 [info ] [MainThread]: Configuration:
[0m22:28:05.374803 [info ] [MainThread]:   profiles.yml file [[32mOK found and valid[0m]
[0m22:28:05.375813 [info ] [MainThread]:   dbt_project.yml file [[32mOK found and valid[0m]
[0m22:28:05.376769 [info ] [MainThread]: Required dependencies:
[0m22:28:05.377768 [debug] [MainThread]: Executing "git --help"
[0m22:28:05.402852 [debug] [MainThread]: STDOUT: "b"usage: git [-v | --version] [-h | --help] [-C <path>] [-c <name>=<value>]\n           [--exec-path[=<path>]] [--html-path] [--man-path] [--info-path]\n           [-p | --paginate | -P | --no-pager] [--no-replace-objects] [--no-lazy-fetch]\n           [--no-optional-locks] [--no-advice] [--bare] [--git-dir=<path>]\n           [--work-tree=<path>] [--namespace=<name>] [--config-env=<name>=<envvar>]\n           <command> [<args>]\n\nThese are common Git commands used in various situations:\n\nstart a working area (see also: git help tutorial)\n   clone      Clone a repository into a new directory\n   init       Create an empty Git repository or reinitialize an existing one\n\nwork on the current change (see also: git help everyday)\n   add        Add file contents to the index\n   mv         Move or rename a file, a directory, or a symlink\n   restore    Restore working tree files\n   rm         Remove files from the working tree and from the index\n\nexamine the history and state (see also: git help revisions)\n   bisect     Use binary search to find the commit that introduced a bug\n   diff       Show changes between commits, commit and working tree, etc\n   grep       Print lines matching a pattern\n   log        Show commit logs\n   show       Show various types of objects\n   status     Show the working tree status\n\ngrow, mark and tweak your common history\n   backfill   Download missing objects in a partial clone\n   branch     List, create, or delete branches\n   commit     Record changes to the repository\n   merge      Join two or more development histories together\n   rebase     Reapply commits on top of another base tip\n   reset      Reset current HEAD to the specified state\n   switch     Switch branches\n   tag        Create, list, delete or verify a tag object signed with GPG\n\ncollaborate (see also: git help workflows)\n   fetch      Download objects and refs from another repository\n   pull       Fetch from and integrate with another repository or a local branch\n   push       Update remote refs along with associated objects\n\n'git help -a' and 'git help -g' list available subcommands and some\nconcept guides. See 'git help <command>' or 'git help <concept>'\nto read about a specific subcommand or concept.\nSee 'git help git' for an overview of the system.\n""
[0m22:28:05.403771 [debug] [MainThread]: STDERR: "b''"
[0m22:28:05.404771 [info ] [MainThread]:  - git [[32mOK found[0m]

[0m22:28:05.405867 [info ] [MainThread]: Connection:
[0m22:28:05.406971 [info ] [MainThread]:   account: LDDEMIG-HJ34452.snowflakecomputing.com
[0m22:28:05.407776 [info ] [MainThread]:   user: SAMSNOWLIMBU004
[0m22:28:05.408998 [info ] [MainThread]:   database: PORTFOLIO_TRACKER
[0m22:28:05.410047 [info ] [MainThread]:   warehouse: COMPUTE_WH
[0m22:28:05.410047 [info ] [MainThread]:   role: DB_EXECUTOR_ROLE
[0m22:28:05.411111 [info ] [MainThread]:   schema: DBO
[0m22:28:05.412001 [info ] [MainThread]:   authenticator: None
[0m22:28:05.413003 [info ] [MainThread]:   oauth_client_id: None
[0m22:28:05.413003 [info ] [MainThread]:   query_tag: None
[0m22:28:05.414013 [info ] [MainThread]:   client_session_keep_alive: False
[0m22:28:05.415000 [info ] [MainThread]:   host: None
[0m22:28:05.416004 [info ] [MainThread]:   port: None
[0m22:28:05.416004 [info ] [MainThread]:   proxy_host: None
[0m22:28:05.417002 [info ] [MainThread]:   proxy_port: None
[0m22:28:05.418003 [info ] [MainThread]:   protocol: None
[0m22:28:05.418003 [info ] [MainThread]:   connect_retries: 1
[0m22:28:05.419002 [info ] [MainThread]:   connect_timeout: None
[0m22:28:05.419002 [info ] [MainThread]:   retry_on_database_errors: False
[0m22:28:05.420002 [info ] [MainThread]:   retry_all: False
[0m22:28:05.421002 [info ] [MainThread]:   insecure_mode: False
[0m22:28:05.422101 [info ] [MainThread]:   reuse_connections: True
[0m22:28:05.423054 [info ] [MainThread]:   s3_stage_vpce_dns_name: None
[0m22:28:05.424062 [info ] [MainThread]:   platform_detection_timeout_seconds: 0.0
[0m22:28:05.425064 [info ] [MainThread]: Registered adapter: snowflake=1.11.5
[0m22:28:05.784069 [debug] [MainThread]: Acquiring new snowflake connection 'debug'
[0m22:28:05.873131 [debug] [MainThread]: Using snowflake connection "debug"
[0m22:28:05.873131 [debug] [MainThread]: On debug: select 1 as id
[0m22:28:05.874061 [debug] [MainThread]: Opening a new connection, currently in state init
[0m22:28:06.153459 [debug] [MainThread]: Snowflake adapter: Error running SQL: select 1 as id
[0m22:28:06.154438 [debug] [MainThread]: Snowflake adapter: Rolling back transaction.
[0m22:28:06.156357 [info ] [MainThread]:   Connection test: [[31mERROR[0m]

[0m22:28:06.157434 [info ] [MainThread]: [31m1 check failed:[0m
[0m22:28:06.158358 [info ] [MainThread]: dbt was unable to connect to the specified database.
The database returned the following error:

  >Database Error
  290404 (08001): 404 Not Found: post LDDEMIG-HJ34452.snowflakecomputing.com.snowflakecomputing.com:443/session/v1/login-request

Check your database credentials and try again. For more information, visit:
https://docs.getdbt.com/docs/configure-your-profile


[0m22:28:06.159359 [debug] [MainThread]: Command `dbt debug` failed at 22:28:06.159359 after 1.54 seconds
[0m22:28:06.160445 [debug] [MainThread]: Connection 'debug' was left open.
[0m22:28:06.161438 [debug] [MainThread]: On debug: No close available on handle
[0m22:28:06.161438 [debug] [MainThread]: Sending event: {'category': 'dbt', 'action': 'invocation', 'label': 'end', 'context': [<snowplow_tracker.self_describing_json.SelfDescribingJson object at 0x000001681D0AB020>, <snowplow_tracker.self_describing_json.SelfDescribingJson object at 0x000001681D0ABE60>, <snowplow_tracker.self_describing_json.SelfDescribingJson object at 0x000001681AD521E0>]}
[0m22:28:06.162442 [debug] [MainThread]: Flushing usage events
[0m22:28:06.899966 [debug] [MainThread]: An error was encountered while trying to flush usage events
[0m22:28:41.318473 [debug] [MainThread]: Sending event: {'category': 'dbt', 'action': 'invocation', 'label': 'start', 'context': [<snowplow_tracker.self_describing_json.SelfDescribingJson object at 0x0000024D7DDF9C40>, <snowplow_tracker.self_describing_json.SelfDescribingJson object at 0x0000024D79DF98B0>, <snowplow_tracker.self_describing_json.SelfDescribingJson object at 0x0000024D7D8B5160>]}


============================== 22:28:41.323474 | 0ac8178f-48e6-484e-978c-f72001c8b71c ==============================
[0m22:28:41.323474 [info ] [MainThread]: Running with dbt=1.11.11
[0m22:28:41.323936 [debug] [MainThread]: running dbt with arguments {'static_parser': 'True', 'no_print': 'None', 'version_check': 'True', 'target_path': 'None', 'warn_error_options': 'WarnErrorOptionsV2(error=[], warn=[], silence=[])', 'printer_width': '80', 'write_json': 'True', 'empty': 'None', 'log_cache_events': 'False', 'introspect': 'True', 'cache_selected_only': 'False', 'fail_fast': 'False', 'debug': 'False', 'log_format': 'default', 'profiles_dir': 'C:\\Users\\daiko\\.dbt', 'send_anonymous_usage_stats': 'True', 'quiet': 'False', 'warn_error': 'None', 'partial_parse': 'True', 'use_colors': 'True', 'indirect_selection': 'eager', 'invocation_command': 'dbt init portfolio-tracker', 'use_experimental_parser': 'False', 'log_path': 'C:\\Users\\daiko\\My_Projects\\GITHUB_projects\\DBT\\DBT_projects_tutorials\\stock-portfolio-tracker-analytics-dbt\\logs'}
[0m22:28:41.342943 [info ] [MainThread]: Setting up your profile.
[0m22:28:50.896034 [debug] [MainThread]: Snowflake adapter: Setting snowflake.connector to ERROR (file logging only)
[0m22:28:50.897033 [debug] [MainThread]: Snowflake adapter: Setting botocore to ERROR (file logging only)
[0m22:28:50.898031 [debug] [MainThread]: Snowflake adapter: Setting boto3 to ERROR (file logging only)
[0m22:29:15.981678 [error] [MainThread]: Encountered an error:

[0m22:29:15.988741 [error] [MainThread]: Traceback (most recent call last):
  File "C:\Users\daiko\My_Projects\GITHUB_projects\DBT\.env_dbt\Lib\site-packages\dbt\cli\requires.py", line 182, in wrapper
    result, success = func(*args, **kwargs)
                      ^^^^^^^^^^^^^^^^^^^^^
  File "C:\Users\daiko\My_Projects\GITHUB_projects\DBT\.env_dbt\Lib\site-packages\dbt\cli\requires.py", line 128, in wrapper
    return func(*args, **kwargs)
           ^^^^^^^^^^^^^^^^^^^^^
  File "C:\Users\daiko\My_Projects\GITHUB_projects\DBT\.env_dbt\Lib\site-packages\dbt\cli\main.py", line 488, in init
    results = task.run()
              ^^^^^^^^^^
  File "C:\Users\daiko\My_Projects\GITHUB_projects\DBT\.env_dbt\Lib\site-packages\dbt\task\init.py", line 320, in run
    self.setup_profile(profile_name)
  File "C:\Users\daiko\My_Projects\GITHUB_projects\DBT\.env_dbt\Lib\site-packages\dbt\task\init.py", line 262, in setup_profile
    self.create_profile_from_target(adapter, profile_name=profile_name)
  File "C:\Users\daiko\My_Projects\GITHUB_projects\DBT\.env_dbt\Lib\site-packages\dbt\task\init.py", line 179, in create_profile_from_target
    self.create_profile_from_profile_template(profile_template, profile_name)
  File "C:\Users\daiko\My_Projects\GITHUB_projects\DBT\.env_dbt\Lib\site-packages\dbt\task\init.py", line 163, in create_profile_from_profile_template
    target = self.generate_target_from_input(prompts, initial_target)
             ^^^^^^^^^^^^^^^^^^^^^^^^^^^^^^^^^^^^^^^^^^^^^^^^^^^^^^^^
  File "C:\Users\daiko\My_Projects\GITHUB_projects\DBT\.env_dbt\Lib\site-packages\dbt\task\init.py", line 129, in generate_target_from_input
    target[key] = click.prompt(
                  ^^^^^^^^^^^^^
  File "C:\Users\daiko\My_Projects\GITHUB_projects\DBT\.env_dbt\Lib\site-packages\click\termui.py", line 218, in prompt
    value = prompt_func(prompt)
            ^^^^^^^^^^^^^^^^^^^
  File "C:\Users\daiko\My_Projects\GITHUB_projects\DBT\.env_dbt\Lib\site-packages\click\termui.py", line 201, in prompt_func
    raise Abort() from None
click.exceptions.Abort

[0m22:29:15.990679 [debug] [MainThread]: Command `dbt init` failed at 22:29:15.990679 after 34.81 seconds
[0m22:29:15.991668 [debug] [MainThread]: Sending event: {'category': 'dbt', 'action': 'invocation', 'label': 'end', 'context': [<snowplow_tracker.self_describing_json.SelfDescribingJson object at 0x0000024D7D235460>, <snowplow_tracker.self_describing_json.SelfDescribingJson object at 0x0000024D003D60F0>, <snowplow_tracker.self_describing_json.SelfDescribingJson object at 0x0000024D003D6300>]}
[0m22:29:15.992668 [debug] [MainThread]: Flushing usage events
[0m22:29:20.737938 [debug] [MainThread]: Sending event: {'category': 'dbt', 'action': 'invocation', 'label': 'start', 'context': [<snowplow_tracker.self_describing_json.SelfDescribingJson object at 0x00000201EE9EE390>, <snowplow_tracker.self_describing_json.SelfDescribingJson object at 0x00000201EB1B25D0>, <snowplow_tracker.self_describing_json.SelfDescribingJson object at 0x00000201EE71E3F0>]}


============================== 22:29:20.741930 | 5e5eae06-02e7-42bb-b762-cca38b375df9 ==============================
[0m22:29:20.741930 [info ] [MainThread]: Running with dbt=1.11.11
[0m22:29:20.742930 [debug] [MainThread]: running dbt with arguments {'static_parser': 'True', 'no_print': 'None', 'version_check': 'True', 'warn_error_options': 'WarnErrorOptionsV2(error=[], warn=[], silence=[])', 'target_path': 'None', 'printer_width': '80', 'write_json': 'True', 'introspect': 'True', 'log_cache_events': 'False', 'empty': 'None', 'cache_selected_only': 'False', 'log_format': 'default', 'debug': 'False', 'fail_fast': 'False', 'profiles_dir': 'C:\\Users\\daiko\\.dbt', 'send_anonymous_usage_stats': 'True', 'quiet': 'False', 'warn_error': 'None', 'partial_parse': 'True', 'indirect_selection': 'eager', 'invocation_command': 'dbt init portfolio-tracker', 'use_colors': 'True', 'use_experimental_parser': 'False', 'log_path': 'C:\\Users\\daiko\\My_Projects\\GITHUB_projects\\DBT\\DBT_projects_tutorials\\stock-portfolio-tracker-analytics-dbt\\logs'}
[0m22:29:20.761929 [info ] [MainThread]: Setting up your profile.
[0m22:29:24.493984 [debug] [MainThread]: Snowflake adapter: Setting snowflake.connector to ERROR (file logging only)
[0m22:29:24.494984 [debug] [MainThread]: Snowflake adapter: Setting botocore to ERROR (file logging only)
[0m22:29:24.494984 [debug] [MainThread]: Snowflake adapter: Setting boto3 to ERROR (file logging only)
[0m22:30:23.802173 [info ] [MainThread]: Profile portfolio_tracker written to C:\Users\daiko\.dbt\profiles.yml using target's profile_template.yml and your supplied values. Run 'dbt debug' to validate the connection.
[0m22:30:23.804342 [debug] [MainThread]: Command `dbt init` succeeded at 22:30:23.804342 after 63.20 seconds
[0m22:30:23.805345 [debug] [MainThread]: Sending event: {'category': 'dbt', 'action': 'invocation', 'label': 'end', 'context': [<snowplow_tracker.self_describing_json.SelfDescribingJson object at 0x00000201EEDA07A0>, <snowplow_tracker.self_describing_json.SelfDescribingJson object at 0x00000201F0E098E0>, <snowplow_tracker.self_describing_json.SelfDescribingJson object at 0x00000201F08394C0>]}
[0m22:30:23.806267 [debug] [MainThread]: Flushing usage events
[0m22:30:25.611424 [debug] [MainThread]: An error was encountered while trying to flush usage events
[0m22:30:33.806957 [debug] [MainThread]: Sending event: {'category': 'dbt', 'action': 'invocation', 'label': 'start', 'context': [<snowplow_tracker.self_describing_json.SelfDescribingJson object at 0x0000025A2A64A2D0>, <snowplow_tracker.self_describing_json.SelfDescribingJson object at 0x0000025A2CD969C0>, <snowplow_tracker.self_describing_json.SelfDescribingJson object at 0x0000025A2CD97620>]}


============================== 22:30:33.810959 | a9beccdd-bec9-4231-a08a-08c937b61d6a ==============================
[0m22:30:33.810959 [info ] [MainThread]: Running with dbt=1.11.11
[0m22:30:33.811958 [debug] [MainThread]: running dbt with arguments {'version_check': 'True', 'no_print': 'None', 'static_parser': 'True', 'target_path': 'None', 'warn_error_options': 'WarnErrorOptionsV2(error=[], warn=[], silence=[])', 'printer_width': '80', 'write_json': 'True', 'introspect': 'True', 'log_cache_events': 'False', 'empty': 'None', 'cache_selected_only': 'False', 'log_format': 'default', 'debug': 'False', 'fail_fast': 'False', 'profiles_dir': 'C:\\Users\\daiko\\.dbt', 'send_anonymous_usage_stats': 'True', 'quiet': 'False', 'warn_error': 'None', 'partial_parse': 'True', 'invocation_command': 'dbt debug', 'indirect_selection': 'eager', 'use_colors': 'True', 'use_experimental_parser': 'False', 'log_path': 'C:\\Users\\daiko\\My_Projects\\GITHUB_projects\\DBT\\DBT_projects_tutorials\\stock-portfolio-tracker-analytics-dbt\\logs'}
[0m22:30:33.831955 [info ] [MainThread]: dbt version: 1.11.11
[0m22:30:33.833961 [info ] [MainThread]: python version: 3.12.3
[0m22:30:33.834953 [info ] [MainThread]: python path: C:\Users\daiko\My_Projects\GITHUB_projects\DBT\.env_dbt\Scripts\python.exe
[0m22:30:33.836185 [info ] [MainThread]: os info: Windows-10-10.0.19045-SP0
[0m22:30:34.168582 [debug] [MainThread]: Snowflake adapter: Setting snowflake.connector to ERROR (file logging only)
[0m22:30:34.169657 [debug] [MainThread]: Snowflake adapter: Setting botocore to ERROR (file logging only)
[0m22:30:34.169657 [debug] [MainThread]: Snowflake adapter: Setting boto3 to ERROR (file logging only)
[0m22:30:34.293581 [info ] [MainThread]: Using profiles dir at C:\Users\daiko\.dbt
[0m22:30:34.294581 [info ] [MainThread]: Using profiles.yml file at C:\Users\daiko\.dbt\profiles.yml
[0m22:30:34.295651 [info ] [MainThread]: Using dbt_project.yml file at C:\Users\daiko\My_Projects\GITHUB_projects\DBT\DBT_projects_tutorials\stock-portfolio-tracker-analytics-dbt\dbt_project.yml
[0m22:30:34.296580 [info ] [MainThread]: adapter type: snowflake
[0m22:30:34.297580 [info ] [MainThread]: adapter version: 1.11.5
[0m22:30:34.422512 [info ] [MainThread]: Configuration:
[0m22:30:34.423568 [info ] [MainThread]:   profiles.yml file [[32mOK found and valid[0m]
[0m22:30:34.424080 [info ] [MainThread]:   dbt_project.yml file [[32mOK found and valid[0m]
[0m22:30:34.424590 [info ] [MainThread]: Required dependencies:
[0m22:30:34.425109 [debug] [MainThread]: Executing "git --help"
[0m22:30:34.450263 [debug] [MainThread]: STDOUT: "b"usage: git [-v | --version] [-h | --help] [-C <path>] [-c <name>=<value>]\n           [--exec-path[=<path>]] [--html-path] [--man-path] [--info-path]\n           [-p | --paginate | -P | --no-pager] [--no-replace-objects] [--no-lazy-fetch]\n           [--no-optional-locks] [--no-advice] [--bare] [--git-dir=<path>]\n           [--work-tree=<path>] [--namespace=<name>] [--config-env=<name>=<envvar>]\n           <command> [<args>]\n\nThese are common Git commands used in various situations:\n\nstart a working area (see also: git help tutorial)\n   clone      Clone a repository into a new directory\n   init       Create an empty Git repository or reinitialize an existing one\n\nwork on the current change (see also: git help everyday)\n   add        Add file contents to the index\n   mv         Move or rename a file, a directory, or a symlink\n   restore    Restore working tree files\n   rm         Remove files from the working tree and from the index\n\nexamine the history and state (see also: git help revisions)\n   bisect     Use binary search to find the commit that introduced a bug\n   diff       Show changes between commits, commit and working tree, etc\n   grep       Print lines matching a pattern\n   log        Show commit logs\n   show       Show various types of objects\n   status     Show the working tree status\n\ngrow, mark and tweak your common history\n   backfill   Download missing objects in a partial clone\n   branch     List, create, or delete branches\n   commit     Record changes to the repository\n   merge      Join two or more development histories together\n   rebase     Reapply commits on top of another base tip\n   reset      Reset current HEAD to the specified state\n   switch     Switch branches\n   tag        Create, list, delete or verify a tag object signed with GPG\n\ncollaborate (see also: git help workflows)\n   fetch      Download objects and refs from another repository\n   pull       Fetch from and integrate with another repository or a local branch\n   push       Update remote refs along with associated objects\n\n'git help -a' and 'git help -g' list available subcommands and some\nconcept guides. See 'git help <command>' or 'git help <concept>'\nto read about a specific subcommand or concept.\nSee 'git help git' for an overview of the system.\n""
[0m22:30:34.451271 [debug] [MainThread]: STDERR: "b''"
[0m22:30:34.451271 [info ] [MainThread]:  - git [[32mOK found[0m]

[0m22:30:34.452280 [info ] [MainThread]: Connection:
[0m22:30:34.453271 [info ] [MainThread]:   account: https://LDDEMIG-HJ34452.snowflakecomputing.com
[0m22:30:34.454270 [info ] [MainThread]:   user: SAMSNOWLIMBU004
[0m22:30:34.454270 [info ] [MainThread]:   database: PORTFOLIO_TRACKER
[0m22:30:34.455270 [info ] [MainThread]:   warehouse: COMPUTE_WH
[0m22:30:34.456270 [info ] [MainThread]:   role: DB_EXECUTOR_ROLE
[0m22:30:34.456270 [info ] [MainThread]:   schema: DBO
[0m22:30:34.457271 [info ] [MainThread]:   authenticator: None
[0m22:30:34.457271 [info ] [MainThread]:   oauth_client_id: None
[0m22:30:34.458272 [info ] [MainThread]:   query_tag: None
[0m22:30:34.459271 [info ] [MainThread]:   client_session_keep_alive: False
[0m22:30:34.459271 [info ] [MainThread]:   host: None
[0m22:30:34.460351 [info ] [MainThread]:   port: None
[0m22:30:34.461272 [info ] [MainThread]:   proxy_host: None
[0m22:30:34.462271 [info ] [MainThread]:   proxy_port: None
[0m22:30:34.463271 [info ] [MainThread]:   protocol: None
[0m22:30:34.463271 [info ] [MainThread]:   connect_retries: 1
[0m22:30:34.464271 [info ] [MainThread]:   connect_timeout: None
[0m22:30:34.464271 [info ] [MainThread]:   retry_on_database_errors: False
[0m22:30:34.465274 [info ] [MainThread]:   retry_all: False
[0m22:30:34.466273 [info ] [MainThread]:   insecure_mode: False
[0m22:30:34.467272 [info ] [MainThread]:   reuse_connections: True
[0m22:30:34.467272 [info ] [MainThread]:   s3_stage_vpce_dns_name: None
[0m22:30:34.468457 [info ] [MainThread]:   platform_detection_timeout_seconds: 0.0
[0m22:30:34.469271 [info ] [MainThread]: Registered adapter: snowflake=1.11.5
[0m22:30:34.827264 [debug] [MainThread]: Acquiring new snowflake connection 'debug'
[0m22:30:34.902262 [debug] [MainThread]: Using snowflake connection "debug"
[0m22:30:34.903283 [debug] [MainThread]: On debug: select 1 as id
[0m22:30:34.903283 [debug] [MainThread]: Opening a new connection, currently in state init
[0m22:30:34.909262 [debug] [MainThread]: Snowflake adapter: Error running SQL: select 1 as id
[0m22:30:34.909262 [debug] [MainThread]: Snowflake adapter: Rolling back transaction.
[0m22:30:34.910227 [info ] [MainThread]:   Connection test: [[31mERROR[0m]

[0m22:30:34.911186 [info ] [MainThread]: [31m1 check failed:[0m
[0m22:30:34.911767 [info ] [MainThread]: dbt was unable to connect to the specified database.
The database returned the following error:

  >Database Error
  251001: Invalid account identifier: only letters, digits, '_' and '-' allowed; no dots or slashes

Check your database credentials and try again. For more information, visit:
https://docs.getdbt.com/docs/configure-your-profile


[0m22:30:34.912769 [debug] [MainThread]: Command `dbt debug` failed at 22:30:34.912769 after 1.24 seconds
[0m22:30:34.913955 [debug] [MainThread]: Connection 'debug' was left open.
[0m22:30:34.913955 [debug] [MainThread]: On debug: No close available on handle
[0m22:30:34.914770 [debug] [MainThread]: Sending event: {'category': 'dbt', 'action': 'invocation', 'label': 'end', 'context': [<snowplow_tracker.self_describing_json.SelfDescribingJson object at 0x0000025A2FB6D8E0>, <snowplow_tracker.self_describing_json.SelfDescribingJson object at 0x0000025A2EDC6390>, <snowplow_tracker.self_describing_json.SelfDescribingJson object at 0x0000025A2EAE05C0>]}
[0m22:30:34.915770 [debug] [MainThread]: Flushing usage events
[0m22:30:35.608387 [debug] [MainThread]: An error was encountered while trying to flush usage events
[0m22:30:59.336382 [debug] [MainThread]: Sending event: {'category': 'dbt', 'action': 'invocation', 'label': 'start', 'context': [<snowplow_tracker.self_describing_json.SelfDescribingJson object at 0x000001BFDD92B620>, <snowplow_tracker.self_describing_json.SelfDescribingJson object at 0x000001BFDDA2B4D0>, <snowplow_tracker.self_describing_json.SelfDescribingJson object at 0x000001BFDB0AA480>]}


============================== 22:30:59.340338 | 24599ca1-ad8d-481c-8f04-3208ccab451c ==============================
[0m22:30:59.340338 [info ] [MainThread]: Running with dbt=1.11.11
[0m22:30:59.341349 [debug] [MainThread]: running dbt with arguments {'static_parser': 'True', 'no_print': 'None', 'version_check': 'True', 'target_path': 'None', 'warn_error_options': 'WarnErrorOptionsV2(error=[], warn=[], silence=[])', 'printer_width': '80', 'write_json': 'True', 'introspect': 'True', 'log_cache_events': 'False', 'empty': 'None', 'cache_selected_only': 'False', 'fail_fast': 'False', 'debug': 'False', 'log_format': 'default', 'partial_parse': 'True', 'send_anonymous_usage_stats': 'True', 'quiet': 'False', 'warn_error': 'None', 'profiles_dir': 'C:\\Users\\daiko\\.dbt', 'use_colors': 'True', 'invocation_command': 'dbt init portfolio-tracker', 'indirect_selection': 'eager', 'use_experimental_parser': 'False', 'log_path': 'C:\\Users\\daiko\\My_Projects\\GITHUB_projects\\DBT\\DBT_projects_tutorials\\stock-portfolio-tracker-analytics-dbt\\logs'}
[0m22:30:59.360422 [info ] [MainThread]: Setting up your profile.
[0m22:31:02.220470 [debug] [MainThread]: Snowflake adapter: Setting snowflake.connector to ERROR (file logging only)
[0m22:31:02.221544 [debug] [MainThread]: Snowflake adapter: Setting botocore to ERROR (file logging only)
[0m22:31:02.221544 [debug] [MainThread]: Snowflake adapter: Setting boto3 to ERROR (file logging only)
[0m22:31:42.727660 [info ] [MainThread]: Profile portfolio_tracker written to C:\Users\daiko\.dbt\profiles.yml using target's profile_template.yml and your supplied values. Run 'dbt debug' to validate the connection.
[0m22:31:42.729656 [debug] [MainThread]: Command `dbt init` succeeded at 22:31:42.729656 after 43.53 seconds
[0m22:31:42.730656 [debug] [MainThread]: Sending event: {'category': 'dbt', 'action': 'invocation', 'label': 'end', 'context': [<snowplow_tracker.self_describing_json.SelfDescribingJson object at 0x000001BFDD02C0B0>, <snowplow_tracker.self_describing_json.SelfDescribingJson object at 0x000001BFE0654680>, <snowplow_tracker.self_describing_json.SelfDescribingJson object at 0x000001BFE0625FA0>]}
[0m22:31:42.731658 [debug] [MainThread]: Flushing usage events
[0m22:31:43.465120 [debug] [MainThread]: An error was encountered while trying to flush usage events
[0m22:31:49.231942 [debug] [MainThread]: Sending event: {'category': 'dbt', 'action': 'invocation', 'label': 'start', 'context': [<snowplow_tracker.self_describing_json.SelfDescribingJson object at 0x00000289648798B0>, <snowplow_tracker.self_describing_json.SelfDescribingJson object at 0x0000028967D039E0>, <snowplow_tracker.self_describing_json.SelfDescribingJson object at 0x0000028965CA2870>]}


============================== 22:31:49.235941 | 889e69f0-8f38-4326-bcdc-335d9ec49a34 ==============================
[0m22:31:49.235941 [info ] [MainThread]: Running with dbt=1.11.11
[0m22:31:49.236942 [debug] [MainThread]: running dbt with arguments {'version_check': 'True', 'no_print': 'None', 'static_parser': 'True', 'warn_error_options': 'WarnErrorOptionsV2(error=[], warn=[], silence=[])', 'target_path': 'None', 'printer_width': '80', 'write_json': 'True', 'introspect': 'True', 'log_cache_events': 'False', 'empty': 'None', 'cache_selected_only': 'False', 'log_format': 'default', 'debug': 'False', 'fail_fast': 'False', 'profiles_dir': 'C:\\Users\\daiko\\.dbt', 'send_anonymous_usage_stats': 'True', 'quiet': 'False', 'warn_error': 'None', 'partial_parse': 'True', 'use_colors': 'True', 'indirect_selection': 'eager', 'invocation_command': 'dbt debug', 'use_experimental_parser': 'False', 'log_path': 'C:\\Users\\daiko\\My_Projects\\GITHUB_projects\\DBT\\DBT_projects_tutorials\\stock-portfolio-tracker-analytics-dbt\\logs'}
[0m22:31:49.251941 [info ] [MainThread]: dbt version: 1.11.11
[0m22:31:49.252942 [info ] [MainThread]: python version: 3.12.3
[0m22:31:49.253942 [info ] [MainThread]: python path: C:\Users\daiko\My_Projects\GITHUB_projects\DBT\.env_dbt\Scripts\python.exe
[0m22:31:49.254969 [info ] [MainThread]: os info: Windows-10-10.0.19045-SP0
[0m22:31:49.588183 [debug] [MainThread]: Snowflake adapter: Setting snowflake.connector to ERROR (file logging only)
[0m22:31:49.589192 [debug] [MainThread]: Snowflake adapter: Setting botocore to ERROR (file logging only)
[0m22:31:49.590162 [debug] [MainThread]: Snowflake adapter: Setting boto3 to ERROR (file logging only)
[0m22:31:49.706377 [info ] [MainThread]: Using profiles dir at C:\Users\daiko\.dbt
[0m22:31:49.707159 [info ] [MainThread]: Using profiles.yml file at C:\Users\daiko\.dbt\profiles.yml
[0m22:31:49.708414 [info ] [MainThread]: Using dbt_project.yml file at C:\Users\daiko\My_Projects\GITHUB_projects\DBT\DBT_projects_tutorials\stock-portfolio-tracker-analytics-dbt\dbt_project.yml
[0m22:31:49.710492 [info ] [MainThread]: adapter type: snowflake
[0m22:31:49.711445 [info ] [MainThread]: adapter version: 1.11.5
[0m22:31:49.824523 [info ] [MainThread]: Configuration:
[0m22:31:49.825614 [info ] [MainThread]:   profiles.yml file [[32mOK found and valid[0m]
[0m22:31:49.826418 [info ] [MainThread]:   dbt_project.yml file [[32mOK found and valid[0m]
[0m22:31:49.827426 [info ] [MainThread]: Required dependencies:
[0m22:31:49.828468 [debug] [MainThread]: Executing "git --help"
[0m22:31:49.853506 [debug] [MainThread]: STDOUT: "b"usage: git [-v | --version] [-h | --help] [-C <path>] [-c <name>=<value>]\n           [--exec-path[=<path>]] [--html-path] [--man-path] [--info-path]\n           [-p | --paginate | -P | --no-pager] [--no-replace-objects] [--no-lazy-fetch]\n           [--no-optional-locks] [--no-advice] [--bare] [--git-dir=<path>]\n           [--work-tree=<path>] [--namespace=<name>] [--config-env=<name>=<envvar>]\n           <command> [<args>]\n\nThese are common Git commands used in various situations:\n\nstart a working area (see also: git help tutorial)\n   clone      Clone a repository into a new directory\n   init       Create an empty Git repository or reinitialize an existing one\n\nwork on the current change (see also: git help everyday)\n   add        Add file contents to the index\n   mv         Move or rename a file, a directory, or a symlink\n   restore    Restore working tree files\n   rm         Remove files from the working tree and from the index\n\nexamine the history and state (see also: git help revisions)\n   bisect     Use binary search to find the commit that introduced a bug\n   diff       Show changes between commits, commit and working tree, etc\n   grep       Print lines matching a pattern\n   log        Show commit logs\n   show       Show various types of objects\n   status     Show the working tree status\n\ngrow, mark and tweak your common history\n   backfill   Download missing objects in a partial clone\n   branch     List, create, or delete branches\n   commit     Record changes to the repository\n   merge      Join two or more development histories together\n   rebase     Reapply commits on top of another base tip\n   reset      Reset current HEAD to the specified state\n   switch     Switch branches\n   tag        Create, list, delete or verify a tag object signed with GPG\n\ncollaborate (see also: git help workflows)\n   fetch      Download objects and refs from another repository\n   pull       Fetch from and integrate with another repository or a local branch\n   push       Update remote refs along with associated objects\n\n'git help -a' and 'git help -g' list available subcommands and some\nconcept guides. See 'git help <command>' or 'git help <concept>'\nto read about a specific subcommand or concept.\nSee 'git help git' for an overview of the system.\n""
[0m22:31:49.854416 [debug] [MainThread]: STDERR: "b''"
[0m22:31:49.855417 [info ] [MainThread]:  - git [[32mOK found[0m]

[0m22:31:49.856416 [info ] [MainThread]: Connection:
[0m22:31:49.857479 [info ] [MainThread]:   account: LDDEMIG-HJ34452.snowflakecomputing.com
[0m22:31:49.858460 [info ] [MainThread]:   user: SAMSNOWLIMBU004
[0m22:31:49.859438 [info ] [MainThread]:   database: PORTFOLIO_TRACKER
[0m22:31:49.860416 [info ] [MainThread]:   warehouse: COMPUTE_WH
[0m22:31:49.861518 [info ] [MainThread]:   role: DB_EXECUTOR_ROLE
[0m22:31:49.862417 [info ] [MainThread]:   schema: DBO
[0m22:31:49.863416 [info ] [MainThread]:   authenticator: None
[0m22:31:49.863416 [info ] [MainThread]:   oauth_client_id: None
[0m22:31:49.864646 [info ] [MainThread]:   query_tag: None
[0m22:31:49.864646 [info ] [MainThread]:   client_session_keep_alive: False
[0m22:31:49.865664 [info ] [MainThread]:   host: None
[0m22:31:49.865664 [info ] [MainThread]:   port: None
[0m22:31:49.866664 [info ] [MainThread]:   proxy_host: None
[0m22:31:49.866664 [info ] [MainThread]:   proxy_port: None
[0m22:31:49.867664 [info ] [MainThread]:   protocol: None
[0m22:31:49.868665 [info ] [MainThread]:   connect_retries: 1
[0m22:31:49.869664 [info ] [MainThread]:   connect_timeout: None
[0m22:31:49.869664 [info ] [MainThread]:   retry_on_database_errors: False
[0m22:31:49.870665 [info ] [MainThread]:   retry_all: False
[0m22:31:49.871664 [info ] [MainThread]:   insecure_mode: False
[0m22:31:49.871664 [info ] [MainThread]:   reuse_connections: True
[0m22:31:49.872664 [info ] [MainThread]:   s3_stage_vpce_dns_name: None
[0m22:31:49.873665 [info ] [MainThread]:   platform_detection_timeout_seconds: 0.0
[0m22:31:49.874684 [info ] [MainThread]: Registered adapter: snowflake=1.11.5
[0m22:31:50.238114 [debug] [MainThread]: Acquiring new snowflake connection 'debug'
[0m22:31:50.306761 [debug] [MainThread]: Using snowflake connection "debug"
[0m22:31:50.307754 [debug] [MainThread]: On debug: select 1 as id
[0m22:31:50.307754 [debug] [MainThread]: Opening a new connection, currently in state init
[0m22:31:50.627265 [debug] [MainThread]: Snowflake adapter: Error running SQL: select 1 as id
[0m22:31:50.628181 [debug] [MainThread]: Snowflake adapter: Rolling back transaction.
[0m22:31:50.630174 [info ] [MainThread]:   Connection test: [[31mERROR[0m]

[0m22:31:50.632181 [info ] [MainThread]: [31m1 check failed:[0m
[0m22:31:50.633176 [info ] [MainThread]: dbt was unable to connect to the specified database.
The database returned the following error:

  >Database Error
  290404 (08001): 404 Not Found: post LDDEMIG-HJ34452.snowflakecomputing.com.snowflakecomputing.com:443/session/v1/login-request

Check your database credentials and try again. For more information, visit:
https://docs.getdbt.com/docs/configure-your-profile


[0m22:31:50.634266 [debug] [MainThread]: Command `dbt debug` failed at 22:31:50.634266 after 1.53 seconds
[0m22:31:50.635174 [debug] [MainThread]: Connection 'debug' was left open.
[0m22:31:50.635174 [debug] [MainThread]: On debug: No close available on handle
[0m22:31:50.636183 [debug] [MainThread]: Sending event: {'category': 'dbt', 'action': 'invocation', 'label': 'end', 'context': [<snowplow_tracker.self_describing_json.SelfDescribingJson object at 0x0000028965CA2870>, <snowplow_tracker.self_describing_json.SelfDescribingJson object at 0x00000289680E1F70>, <snowplow_tracker.self_describing_json.SelfDescribingJson object at 0x0000028967E22870>]}
[0m22:31:50.636183 [debug] [MainThread]: Flushing usage events
[0m22:31:51.332606 [debug] [MainThread]: An error was encountered while trying to flush usage events
[0m22:31:57.630369 [debug] [MainThread]: Sending event: {'category': 'dbt', 'action': 'invocation', 'label': 'start', 'context': [<snowplow_tracker.self_describing_json.SelfDescribingJson object at 0x000001F983B8E300>, <snowplow_tracker.self_describing_json.SelfDescribingJson object at 0x000001F983B8C1A0>, <snowplow_tracker.self_describing_json.SelfDescribingJson object at 0x000001F983B8F1A0>]}


============================== 22:31:57.634359 | 09ea09ff-9145-42ce-a8a8-3f3fc591789d ==============================
[0m22:31:57.634359 [info ] [MainThread]: Running with dbt=1.11.11
[0m22:31:57.635352 [debug] [MainThread]: running dbt with arguments {'static_parser': 'True', 'no_print': 'None', 'version_check': 'True', 'warn_error_options': 'WarnErrorOptionsV2(error=[], warn=[], silence=[])', 'target_path': 'None', 'printer_width': '80', 'write_json': 'True', 'introspect': 'True', 'log_cache_events': 'False', 'empty': 'None', 'cache_selected_only': 'False', 'log_format': 'default', 'debug': 'False', 'fail_fast': 'False', 'partial_parse': 'True', 'send_anonymous_usage_stats': 'True', 'quiet': 'False', 'warn_error': 'None', 'profiles_dir': 'C:\\Users\\daiko\\.dbt', 'use_colors': 'True', 'invocation_command': 'dbt init portfolio-tracker', 'indirect_selection': 'eager', 'use_experimental_parser': 'False', 'log_path': 'C:\\Users\\daiko\\My_Projects\\GITHUB_projects\\DBT\\DBT_projects_tutorials\\stock-portfolio-tracker-analytics-dbt\\logs'}
[0m22:31:57.652426 [info ] [MainThread]: Setting up your profile.
[0m22:31:59.671985 [debug] [MainThread]: Snowflake adapter: Setting snowflake.connector to ERROR (file logging only)
[0m22:31:59.672985 [debug] [MainThread]: Snowflake adapter: Setting botocore to ERROR (file logging only)
[0m22:31:59.672985 [debug] [MainThread]: Snowflake adapter: Setting boto3 to ERROR (file logging only)
[0m22:32:04.208026 [error] [MainThread]: Encountered an error:

[0m22:32:04.211025 [error] [MainThread]: Traceback (most recent call last):
  File "C:\Users\daiko\My_Projects\GITHUB_projects\DBT\.env_dbt\Lib\site-packages\dbt\cli\requires.py", line 182, in wrapper
    result, success = func(*args, **kwargs)
                      ^^^^^^^^^^^^^^^^^^^^^
  File "C:\Users\daiko\My_Projects\GITHUB_projects\DBT\.env_dbt\Lib\site-packages\dbt\cli\requires.py", line 128, in wrapper
    return func(*args, **kwargs)
           ^^^^^^^^^^^^^^^^^^^^^
  File "C:\Users\daiko\My_Projects\GITHUB_projects\DBT\.env_dbt\Lib\site-packages\dbt\cli\main.py", line 488, in init
    results = task.run()
              ^^^^^^^^^^
  File "C:\Users\daiko\My_Projects\GITHUB_projects\DBT\.env_dbt\Lib\site-packages\dbt\task\init.py", line 320, in run
    self.setup_profile(profile_name)
  File "C:\Users\daiko\My_Projects\GITHUB_projects\DBT\.env_dbt\Lib\site-packages\dbt\task\init.py", line 262, in setup_profile
    self.create_profile_from_target(adapter, profile_name=profile_name)
  File "C:\Users\daiko\My_Projects\GITHUB_projects\DBT\.env_dbt\Lib\site-packages\dbt\task\init.py", line 179, in create_profile_from_target
    self.create_profile_from_profile_template(profile_template, profile_name)
  File "C:\Users\daiko\My_Projects\GITHUB_projects\DBT\.env_dbt\Lib\site-packages\dbt\task\init.py", line 163, in create_profile_from_profile_template
    target = self.generate_target_from_input(prompts, initial_target)
             ^^^^^^^^^^^^^^^^^^^^^^^^^^^^^^^^^^^^^^^^^^^^^^^^^^^^^^^^
  File "C:\Users\daiko\My_Projects\GITHUB_projects\DBT\.env_dbt\Lib\site-packages\dbt\task\init.py", line 129, in generate_target_from_input
    target[key] = click.prompt(
                  ^^^^^^^^^^^^^
  File "C:\Users\daiko\My_Projects\GITHUB_projects\DBT\.env_dbt\Lib\site-packages\click\termui.py", line 218, in prompt
    value = prompt_func(prompt)
            ^^^^^^^^^^^^^^^^^^^
  File "C:\Users\daiko\My_Projects\GITHUB_projects\DBT\.env_dbt\Lib\site-packages\click\termui.py", line 201, in prompt_func
    raise Abort() from None
click.exceptions.Abort

[0m22:32:04.213027 [debug] [MainThread]: Command `dbt init` failed at 22:32:04.213027 after 6.72 seconds
[0m22:32:04.213027 [debug] [MainThread]: Sending event: {'category': 'dbt', 'action': 'invocation', 'label': 'end', 'context': [<snowplow_tracker.self_describing_json.SelfDescribingJson object at 0x000001F9834478C0>, <snowplow_tracker.self_describing_json.SelfDescribingJson object at 0x000001F986555A90>, <snowplow_tracker.self_describing_json.SelfDescribingJson object at 0x000001F9861B1100>]}
[0m22:32:04.214036 [debug] [MainThread]: Flushing usage events
[0m22:32:04.921120 [debug] [MainThread]: An error was encountered while trying to flush usage events
[0m22:32:09.765048 [debug] [MainThread]: Sending event: {'category': 'dbt', 'action': 'invocation', 'label': 'start', 'context': [<snowplow_tracker.self_describing_json.SelfDescribingJson object at 0x000001E15488C920>, <snowplow_tracker.self_describing_json.SelfDescribingJson object at 0x000001E154341940>, <snowplow_tracker.self_describing_json.SelfDescribingJson object at 0x000001E152D2D2E0>]}


============================== 22:32:09.769048 | ebcb918d-1581-4b75-a0e8-d9f80f1b0f0c ==============================
[0m22:32:09.769048 [info ] [MainThread]: Running with dbt=1.11.11
[0m22:32:09.770048 [debug] [MainThread]: running dbt with arguments {'version_check': 'True', 'no_print': 'None', 'static_parser': 'True', 'warn_error_options': 'WarnErrorOptionsV2(error=[], warn=[], silence=[])', 'target_path': 'None', 'printer_width': '80', 'write_json': 'True', 'introspect': 'True', 'log_cache_events': 'False', 'empty': 'None', 'cache_selected_only': 'False', 'fail_fast': 'False', 'debug': 'False', 'log_format': 'default', 'profiles_dir': 'C:\\Users\\daiko\\.dbt', 'send_anonymous_usage_stats': 'True', 'quiet': 'False', 'warn_error': 'None', 'partial_parse': 'True', 'use_colors': 'True', 'invocation_command': 'dbt init portfolio-tracker', 'indirect_selection': 'eager', 'use_experimental_parser': 'False', 'log_path': 'C:\\Users\\daiko\\My_Projects\\GITHUB_projects\\DBT\\DBT_projects_tutorials\\stock-portfolio-tracker-analytics-dbt\\logs'}
[0m22:32:09.788048 [info ] [MainThread]: Setting up your profile.
[0m22:32:12.487748 [debug] [MainThread]: Snowflake adapter: Setting snowflake.connector to ERROR (file logging only)
[0m22:32:12.488748 [debug] [MainThread]: Snowflake adapter: Setting botocore to ERROR (file logging only)
[0m22:32:12.489747 [debug] [MainThread]: Snowflake adapter: Setting boto3 to ERROR (file logging only)
[0m22:32:53.060356 [info ] [MainThread]: Profile portfolio_tracker written to C:\Users\daiko\.dbt\profiles.yml using target's profile_template.yml and your supplied values. Run 'dbt debug' to validate the connection.
[0m22:32:53.061352 [debug] [MainThread]: Command `dbt init` succeeded at 22:32:53.061352 after 43.43 seconds
[0m22:32:53.062527 [debug] [MainThread]: Sending event: {'category': 'dbt', 'action': 'invocation', 'label': 'end', 'context': [<snowplow_tracker.self_describing_json.SelfDescribingJson object at 0x000001E151D7E1B0>, <snowplow_tracker.self_describing_json.SelfDescribingJson object at 0x000001E157CFA240>, <snowplow_tracker.self_describing_json.SelfDescribingJson object at 0x000001E157D350A0>]}
[0m22:32:53.063362 [debug] [MainThread]: Flushing usage events
[0m22:32:53.823261 [debug] [MainThread]: An error was encountered while trying to flush usage events
[0m22:33:01.546821 [debug] [MainThread]: Sending event: {'category': 'dbt', 'action': 'invocation', 'label': 'start', 'context': [<snowplow_tracker.self_describing_json.SelfDescribingJson object at 0x0000018163BBD4C0>, <snowplow_tracker.self_describing_json.SelfDescribingJson object at 0x00000181602998B0>, <snowplow_tracker.self_describing_json.SelfDescribingJson object at 0x0000018162FF1490>]}


============================== 22:33:01.550921 | 686f2f4f-0980-4e82-97f8-abcca9aecda4 ==============================
[0m22:33:01.550921 [info ] [MainThread]: Running with dbt=1.11.11
[0m22:33:01.551820 [debug] [MainThread]: running dbt with arguments {'static_parser': 'True', 'no_print': 'None', 'version_check': 'True', 'warn_error_options': 'WarnErrorOptionsV2(error=[], warn=[], silence=[])', 'target_path': 'None', 'printer_width': '80', 'write_json': 'True', 'introspect': 'True', 'log_cache_events': 'False', 'empty': 'None', 'cache_selected_only': 'False', 'log_format': 'default', 'debug': 'False', 'fail_fast': 'False', 'partial_parse': 'True', 'send_anonymous_usage_stats': 'True', 'quiet': 'False', 'warn_error': 'None', 'profiles_dir': 'C:\\Users\\daiko\\.dbt', 'invocation_command': 'dbt debug', 'indirect_selection': 'eager', 'use_colors': 'True', 'use_experimental_parser': 'False', 'log_path': 'C:\\Users\\daiko\\My_Projects\\GITHUB_projects\\DBT\\DBT_projects_tutorials\\stock-portfolio-tracker-analytics-dbt\\logs'}
[0m22:33:01.569912 [info ] [MainThread]: dbt version: 1.11.11
[0m22:33:01.570895 [info ] [MainThread]: python version: 3.12.3
[0m22:33:01.571819 [info ] [MainThread]: python path: C:\Users\daiko\My_Projects\GITHUB_projects\DBT\.env_dbt\Scripts\python.exe
[0m22:33:01.572819 [info ] [MainThread]: os info: Windows-10-10.0.19045-SP0
[0m22:33:01.911675 [debug] [MainThread]: Snowflake adapter: Setting snowflake.connector to ERROR (file logging only)
[0m22:33:01.911675 [debug] [MainThread]: Snowflake adapter: Setting botocore to ERROR (file logging only)
[0m22:33:01.912674 [debug] [MainThread]: Snowflake adapter: Setting boto3 to ERROR (file logging only)
[0m22:33:02.034590 [info ] [MainThread]: Using profiles dir at C:\Users\daiko\.dbt
[0m22:33:02.035587 [info ] [MainThread]: Using profiles.yml file at C:\Users\daiko\.dbt\profiles.yml
[0m22:33:02.035587 [info ] [MainThread]: Using dbt_project.yml file at C:\Users\daiko\My_Projects\GITHUB_projects\DBT\DBT_projects_tutorials\stock-portfolio-tracker-analytics-dbt\dbt_project.yml
[0m22:33:02.036586 [info ] [MainThread]: adapter type: snowflake
[0m22:33:02.037586 [info ] [MainThread]: adapter version: 1.11.5
[0m22:33:02.158684 [info ] [MainThread]: Configuration:
[0m22:33:02.159750 [info ] [MainThread]:   profiles.yml file [[32mOK found and valid[0m]
[0m22:33:02.160587 [info ] [MainThread]:   dbt_project.yml file [[32mOK found and valid[0m]
[0m22:33:02.161586 [info ] [MainThread]: Required dependencies:
[0m22:33:02.161586 [debug] [MainThread]: Executing "git --help"
[0m22:33:02.185824 [debug] [MainThread]: STDOUT: "b"usage: git [-v | --version] [-h | --help] [-C <path>] [-c <name>=<value>]\n           [--exec-path[=<path>]] [--html-path] [--man-path] [--info-path]\n           [-p | --paginate | -P | --no-pager] [--no-replace-objects] [--no-lazy-fetch]\n           [--no-optional-locks] [--no-advice] [--bare] [--git-dir=<path>]\n           [--work-tree=<path>] [--namespace=<name>] [--config-env=<name>=<envvar>]\n           <command> [<args>]\n\nThese are common Git commands used in various situations:\n\nstart a working area (see also: git help tutorial)\n   clone      Clone a repository into a new directory\n   init       Create an empty Git repository or reinitialize an existing one\n\nwork on the current change (see also: git help everyday)\n   add        Add file contents to the index\n   mv         Move or rename a file, a directory, or a symlink\n   restore    Restore working tree files\n   rm         Remove files from the working tree and from the index\n\nexamine the history and state (see also: git help revisions)\n   bisect     Use binary search to find the commit that introduced a bug\n   diff       Show changes between commits, commit and working tree, etc\n   grep       Print lines matching a pattern\n   log        Show commit logs\n   show       Show various types of objects\n   status     Show the working tree status\n\ngrow, mark and tweak your common history\n   backfill   Download missing objects in a partial clone\n   branch     List, create, or delete branches\n   commit     Record changes to the repository\n   merge      Join two or more development histories together\n   rebase     Reapply commits on top of another base tip\n   reset      Reset current HEAD to the specified state\n   switch     Switch branches\n   tag        Create, list, delete or verify a tag object signed with GPG\n\ncollaborate (see also: git help workflows)\n   fetch      Download objects and refs from another repository\n   pull       Fetch from and integrate with another repository or a local branch\n   push       Update remote refs along with associated objects\n\n'git help -a' and 'git help -g' list available subcommands and some\nconcept guides. See 'git help <command>' or 'git help <concept>'\nto read about a specific subcommand or concept.\nSee 'git help git' for an overview of the system.\n""
[0m22:33:02.186976 [debug] [MainThread]: STDERR: "b''"
[0m22:33:02.187489 [info ] [MainThread]:  - git [[32mOK found[0m]

[0m22:33:02.188008 [info ] [MainThread]: Connection:
[0m22:33:02.189047 [info ] [MainThread]:   account: LDDEMIG-HJ34452.snowflakecomputing.com
[0m22:33:02.190120 [info ] [MainThread]:   user: SAMSNOWLIMBU004
[0m22:33:02.191136 [info ] [MainThread]:   database: PORTFOLIO_TRACKER
[0m22:33:02.191763 [info ] [MainThread]:   warehouse: COMPUTE_WH
[0m22:33:02.192283 [info ] [MainThread]:   role: DB_EXECUTOR_ROLE
[0m22:33:02.192802 [info ] [MainThread]:   schema: DBO
[0m22:33:02.193317 [info ] [MainThread]:   authenticator: 'externalbrowser'
[0m22:33:02.194363 [info ] [MainThread]:   oauth_client_id: None
[0m22:33:02.194880 [info ] [MainThread]:   query_tag: None
[0m22:33:02.195397 [info ] [MainThread]:   client_session_keep_alive: False
[0m22:33:02.195909 [info ] [MainThread]:   host: None
[0m22:33:02.196424 [info ] [MainThread]:   port: None
[0m22:33:02.196943 [info ] [MainThread]:   proxy_host: None
[0m22:33:02.197990 [info ] [MainThread]:   proxy_port: None
[0m22:33:02.198510 [info ] [MainThread]:   protocol: None
[0m22:33:02.199537 [info ] [MainThread]:   connect_retries: 1
[0m22:33:02.200073 [info ] [MainThread]:   connect_timeout: None
[0m22:33:02.200602 [info ] [MainThread]:   retry_on_database_errors: False
[0m22:33:02.201649 [info ] [MainThread]:   retry_all: False
[0m22:33:02.202169 [info ] [MainThread]:   insecure_mode: False
[0m22:33:02.203218 [info ] [MainThread]:   reuse_connections: True
[0m22:33:02.204807 [info ] [MainThread]:   s3_stage_vpce_dns_name: None
[0m22:33:02.205859 [info ] [MainThread]:   platform_detection_timeout_seconds: 0.0
[0m22:33:02.206978 [info ] [MainThread]: Registered adapter: snowflake=1.11.5
[0m22:33:02.562602 [debug] [MainThread]: Acquiring new snowflake connection 'debug'
[0m22:33:02.630598 [debug] [MainThread]: Using snowflake connection "debug"
[0m22:33:02.631619 [debug] [MainThread]: On debug: select 1 as id
[0m22:33:02.631619 [debug] [MainThread]: Opening a new connection, currently in state init
[0m22:33:02.642512 [debug] [MainThread]: Snowflake adapter: Error running SQL: select 1 as id
[0m22:33:02.643509 [debug] [MainThread]: Snowflake adapter: Rolling back transaction.
[0m22:33:02.644509 [info ] [MainThread]:   Connection test: [[31mERROR[0m]

[0m22:33:02.645511 [info ] [MainThread]: [31m1 check failed:[0m
[0m22:33:02.646600 [info ] [MainThread]: dbt was unable to connect to the specified database.
The database returned the following error:

  >Database Error
  251007: Unknown authenticator: 'externalbrowser'

Check your database credentials and try again. For more information, visit:
https://docs.getdbt.com/docs/configure-your-profile


[0m22:33:02.647666 [debug] [MainThread]: Command `dbt debug` failed at 22:33:02.647666 after 1.24 seconds
[0m22:33:02.648689 [debug] [MainThread]: Connection 'debug' was left open.
[0m22:33:02.649603 [debug] [MainThread]: On debug: No close available on handle
[0m22:33:02.649603 [debug] [MainThread]: Sending event: {'category': 'dbt', 'action': 'invocation', 'label': 'end', 'context': [<snowplow_tracker.self_describing_json.SelfDescribingJson object at 0x0000018163831BB0>, <snowplow_tracker.self_describing_json.SelfDescribingJson object at 0x00000181665E2DB0>, <snowplow_tracker.self_describing_json.SelfDescribingJson object at 0x00000181661DDB80>]}
[0m22:33:02.649603 [debug] [MainThread]: Flushing usage events
[0m22:33:03.344421 [debug] [MainThread]: An error was encountered while trying to flush usage events
[0m22:33:18.792262 [debug] [MainThread]: Sending event: {'category': 'dbt', 'action': 'invocation', 'label': 'start', 'context': [<snowplow_tracker.self_describing_json.SelfDescribingJson object at 0x00000134B837C230>, <snowplow_tracker.self_describing_json.SelfDescribingJson object at 0x00000134B8CA8A40>, <snowplow_tracker.self_describing_json.SelfDescribingJson object at 0x00000134B6A42C30>]}


============================== 22:33:18.796261 | ebc7817e-d1e1-4d4e-9da6-e0f677d2aead ==============================
[0m22:33:18.796261 [info ] [MainThread]: Running with dbt=1.11.11
[0m22:33:18.797261 [debug] [MainThread]: running dbt with arguments {'static_parser': 'True', 'no_print': 'None', 'version_check': 'True', 'target_path': 'None', 'warn_error_options': 'WarnErrorOptionsV2(error=[], warn=[], silence=[])', 'printer_width': '80', 'write_json': 'True', 'empty': 'None', 'log_cache_events': 'False', 'introspect': 'True', 'cache_selected_only': 'False', 'log_format': 'default', 'debug': 'False', 'fail_fast': 'False', 'partial_parse': 'True', 'send_anonymous_usage_stats': 'True', 'quiet': 'False', 'warn_error': 'None', 'profiles_dir': 'C:\\Users\\daiko\\.dbt', 'invocation_command': 'dbt init portfolio-tracker', 'indirect_selection': 'eager', 'use_colors': 'True', 'use_experimental_parser': 'False', 'log_path': 'C:\\Users\\daiko\\My_Projects\\GITHUB_projects\\DBT\\DBT_projects_tutorials\\stock-portfolio-tracker-analytics-dbt\\logs'}
[0m22:33:18.814262 [info ] [MainThread]: Setting up your profile.
[0m22:33:20.578619 [debug] [MainThread]: Snowflake adapter: Setting snowflake.connector to ERROR (file logging only)
[0m22:33:20.579619 [debug] [MainThread]: Snowflake adapter: Setting botocore to ERROR (file logging only)
[0m22:33:20.579619 [debug] [MainThread]: Snowflake adapter: Setting boto3 to ERROR (file logging only)
[0m22:34:12.595154 [info ] [MainThread]: Profile portfolio_tracker written to C:\Users\daiko\.dbt\profiles.yml using target's profile_template.yml and your supplied values. Run 'dbt debug' to validate the connection.
[0m22:34:12.597225 [debug] [MainThread]: Command `dbt init` succeeded at 22:34:12.597225 after 53.94 seconds
[0m22:34:12.598156 [debug] [MainThread]: Sending event: {'category': 'dbt', 'action': 'invocation', 'label': 'end', 'context': [<snowplow_tracker.self_describing_json.SelfDescribingJson object at 0x00000134BB7098E0>, <snowplow_tracker.self_describing_json.SelfDescribingJson object at 0x00000134BB7EE690>, <snowplow_tracker.self_describing_json.SelfDescribingJson object at 0x00000134BB773680>]}
[0m22:34:12.599155 [debug] [MainThread]: Flushing usage events
[0m22:34:13.324107 [debug] [MainThread]: An error was encountered while trying to flush usage events
[0m22:34:18.633824 [debug] [MainThread]: Sending event: {'category': 'dbt', 'action': 'invocation', 'label': 'start', 'context': [<snowplow_tracker.self_describing_json.SelfDescribingJson object at 0x00000179A9A4FE90>, <snowplow_tracker.self_describing_json.SelfDescribingJson object at 0x00000179A9A4FFE0>, <snowplow_tracker.self_describing_json.SelfDescribingJson object at 0x00000179A70930E0>]}


============================== 22:34:18.637833 | a38f0d84-7c13-40d4-ae7e-607422410837 ==============================
[0m22:34:18.637833 [info ] [MainThread]: Running with dbt=1.11.11
[0m22:34:18.638905 [debug] [MainThread]: running dbt with arguments {'version_check': 'True', 'no_print': 'None', 'static_parser': 'True', 'warn_error_options': 'WarnErrorOptionsV2(error=[], warn=[], silence=[])', 'target_path': 'None', 'printer_width': '80', 'write_json': 'True', 'empty': 'None', 'log_cache_events': 'False', 'introspect': 'True', 'cache_selected_only': 'False', 'log_format': 'default', 'debug': 'False', 'fail_fast': 'False', 'partial_parse': 'True', 'send_anonymous_usage_stats': 'True', 'quiet': 'False', 'warn_error': 'None', 'profiles_dir': 'C:\\Users\\daiko\\.dbt', 'use_colors': 'True', 'indirect_selection': 'eager', 'invocation_command': 'dbt debug', 'use_experimental_parser': 'False', 'log_path': 'C:\\Users\\daiko\\My_Projects\\GITHUB_projects\\DBT\\DBT_projects_tutorials\\stock-portfolio-tracker-analytics-dbt\\logs'}
[0m22:34:18.655822 [info ] [MainThread]: dbt version: 1.11.11
[0m22:34:18.656826 [info ] [MainThread]: python version: 3.12.3
[0m22:34:18.657884 [info ] [MainThread]: python path: C:\Users\daiko\My_Projects\GITHUB_projects\DBT\.env_dbt\Scripts\python.exe
[0m22:34:18.658912 [info ] [MainThread]: os info: Windows-10-10.0.19045-SP0
[0m22:34:18.990821 [debug] [MainThread]: Snowflake adapter: Setting snowflake.connector to ERROR (file logging only)
[0m22:34:18.991820 [debug] [MainThread]: Snowflake adapter: Setting botocore to ERROR (file logging only)
[0m22:34:18.991820 [debug] [MainThread]: Snowflake adapter: Setting boto3 to ERROR (file logging only)
[0m22:34:19.116184 [info ] [MainThread]: Using profiles dir at C:\Users\daiko\.dbt
[0m22:34:19.116184 [info ] [MainThread]: Using profiles.yml file at C:\Users\daiko\.dbt\profiles.yml
[0m22:34:19.117175 [info ] [MainThread]: Using dbt_project.yml file at C:\Users\daiko\My_Projects\GITHUB_projects\DBT\DBT_projects_tutorials\stock-portfolio-tracker-analytics-dbt\dbt_project.yml
[0m22:34:19.118293 [info ] [MainThread]: adapter type: snowflake
[0m22:34:19.119178 [info ] [MainThread]: adapter version: 1.11.5
[0m22:34:19.231522 [info ] [MainThread]: Configuration:
[0m22:34:19.232245 [info ] [MainThread]:   profiles.yml file [[32mOK found and valid[0m]
[0m22:34:19.233263 [info ] [MainThread]:   dbt_project.yml file [[32mOK found and valid[0m]
[0m22:34:19.234309 [info ] [MainThread]: Required dependencies:
[0m22:34:19.234309 [debug] [MainThread]: Executing "git --help"
[0m22:34:19.259325 [debug] [MainThread]: STDOUT: "b"usage: git [-v | --version] [-h | --help] [-C <path>] [-c <name>=<value>]\n           [--exec-path[=<path>]] [--html-path] [--man-path] [--info-path]\n           [-p | --paginate | -P | --no-pager] [--no-replace-objects] [--no-lazy-fetch]\n           [--no-optional-locks] [--no-advice] [--bare] [--git-dir=<path>]\n           [--work-tree=<path>] [--namespace=<name>] [--config-env=<name>=<envvar>]\n           <command> [<args>]\n\nThese are common Git commands used in various situations:\n\nstart a working area (see also: git help tutorial)\n   clone      Clone a repository into a new directory\n   init       Create an empty Git repository or reinitialize an existing one\n\nwork on the current change (see also: git help everyday)\n   add        Add file contents to the index\n   mv         Move or rename a file, a directory, or a symlink\n   restore    Restore working tree files\n   rm         Remove files from the working tree and from the index\n\nexamine the history and state (see also: git help revisions)\n   bisect     Use binary search to find the commit that introduced a bug\n   diff       Show changes between commits, commit and working tree, etc\n   grep       Print lines matching a pattern\n   log        Show commit logs\n   show       Show various types of objects\n   status     Show the working tree status\n\ngrow, mark and tweak your common history\n   backfill   Download missing objects in a partial clone\n   branch     List, create, or delete branches\n   commit     Record changes to the repository\n   merge      Join two or more development histories together\n   rebase     Reapply commits on top of another base tip\n   reset      Reset current HEAD to the specified state\n   switch     Switch branches\n   tag        Create, list, delete or verify a tag object signed with GPG\n\ncollaborate (see also: git help workflows)\n   fetch      Download objects and refs from another repository\n   pull       Fetch from and integrate with another repository or a local branch\n   push       Update remote refs along with associated objects\n\n'git help -a' and 'git help -g' list available subcommands and some\nconcept guides. See 'git help <command>' or 'git help <concept>'\nto read about a specific subcommand or concept.\nSee 'git help git' for an overview of the system.\n""
[0m22:34:19.260295 [debug] [MainThread]: STDERR: "b''"
[0m22:34:19.261336 [info ] [MainThread]:  - git [[32mOK found[0m]

[0m22:34:19.262253 [info ] [MainThread]: Connection:
[0m22:34:19.263254 [info ] [MainThread]:   account: LDDEMIG-HJ34452.snowflakecomputing.com
[0m22:34:19.264323 [info ] [MainThread]:   user: SAMSNOWLIMBU004
[0m22:34:19.265715 [info ] [MainThread]:   database: PORTFOLIO_TRACKER
[0m22:34:19.266764 [info ] [MainThread]:   warehouse: COMPUTE_WH
[0m22:34:19.266764 [info ] [MainThread]:   role: DB_EXECUTOR_ROLE
[0m22:34:19.267718 [info ] [MainThread]:   schema: DBO
[0m22:34:19.268719 [info ] [MainThread]:   authenticator: externalbrowser
[0m22:34:19.269802 [info ] [MainThread]:   oauth_client_id: None
[0m22:34:19.270728 [info ] [MainThread]:   query_tag: None
[0m22:34:19.271718 [info ] [MainThread]:   client_session_keep_alive: False
[0m22:34:19.271718 [info ] [MainThread]:   host: None
[0m22:34:19.272717 [info ] [MainThread]:   port: None
[0m22:34:19.273718 [info ] [MainThread]:   proxy_host: None
[0m22:34:19.274703 [info ] [MainThread]:   proxy_port: None
[0m22:34:19.275710 [info ] [MainThread]:   protocol: None
[0m22:34:19.275710 [info ] [MainThread]:   connect_retries: 1
[0m22:34:19.276737 [info ] [MainThread]:   connect_timeout: None
[0m22:34:19.278133 [info ] [MainThread]:   retry_on_database_errors: False
[0m22:34:19.279713 [info ] [MainThread]:   retry_all: False
[0m22:34:19.280711 [info ] [MainThread]:   insecure_mode: False
[0m22:34:19.280711 [info ] [MainThread]:   reuse_connections: True
[0m22:34:19.281599 [info ] [MainThread]:   s3_stage_vpce_dns_name: None
[0m22:34:19.282594 [info ] [MainThread]:   platform_detection_timeout_seconds: 0.0
[0m22:34:19.283432 [info ] [MainThread]: Registered adapter: snowflake=1.11.5
[0m22:34:19.661358 [debug] [MainThread]: Acquiring new snowflake connection 'debug'
[0m22:34:19.729186 [debug] [MainThread]: Using snowflake connection "debug"
[0m22:34:19.729186 [debug] [MainThread]: On debug: select 1 as id
[0m22:34:19.730185 [debug] [MainThread]: Opening a new connection, currently in state init
[0m22:34:21.212508 [debug] [MainThread]: Snowflake adapter: Error running SQL: select 1 as id
[0m22:34:21.213513 [debug] [MainThread]: Snowflake adapter: Rolling back transaction.
[0m22:34:21.215521 [info ] [MainThread]:   Connection test: [[31mERROR[0m]

[0m22:34:21.216445 [info ] [MainThread]: [31m1 check failed:[0m
[0m22:34:21.217467 [info ] [MainThread]: dbt was unable to connect to the specified database.
The database returned the following error:

  >Database Error
  290404 (08001): 404 Not Found: post LDDEMIG-HJ34452.snowflakecomputing.com.snowflakecomputing.com:443/session/authenticator-request

Check your database credentials and try again. For more information, visit:
https://docs.getdbt.com/docs/configure-your-profile


[0m22:34:21.219513 [debug] [MainThread]: Command `dbt debug` failed at 22:34:21.218439 after 2.71 seconds
[0m22:34:21.219513 [debug] [MainThread]: Connection 'debug' was left open.
[0m22:34:21.220514 [debug] [MainThread]: On debug: No close available on handle
[0m22:34:21.220514 [debug] [MainThread]: Sending event: {'category': 'dbt', 'action': 'invocation', 'label': 'end', 'context': [<snowplow_tracker.self_describing_json.SelfDescribingJson object at 0x00000179A4D0E1B0>, <snowplow_tracker.self_describing_json.SelfDescribingJson object at 0x00000179A9A90080>, <snowplow_tracker.self_describing_json.SelfDescribingJson object at 0x00000179A5919070>]}
[0m22:34:21.221478 [debug] [MainThread]: Flushing usage events
[0m22:34:21.923032 [debug] [MainThread]: An error was encountered while trying to flush usage events
[0m22:34:39.590046 [debug] [MainThread]: Sending event: {'category': 'dbt', 'action': 'invocation', 'label': 'start', 'context': [<snowplow_tracker.self_describing_json.SelfDescribingJson object at 0x00000137748ED400>, <snowplow_tracker.self_describing_json.SelfDescribingJson object at 0x00000137745443E0>, <snowplow_tracker.self_describing_json.SelfDescribingJson object at 0x00000137711E9940>]}


============================== 22:34:39.594061 | 8bed7c49-0c46-4a77-a734-a1862a44ff86 ==============================
[0m22:34:39.594061 [info ] [MainThread]: Running with dbt=1.11.11
[0m22:34:39.594954 [debug] [MainThread]: running dbt with arguments {'version_check': 'True', 'no_print': 'None', 'static_parser': 'True', 'target_path': 'None', 'warn_error_options': 'WarnErrorOptionsV2(error=[], warn=[], silence=[])', 'printer_width': '80', 'write_json': 'True', 'introspect': 'True', 'log_cache_events': 'False', 'empty': 'None', 'cache_selected_only': 'False', 'log_format': 'default', 'debug': 'False', 'fail_fast': 'False', 'profiles_dir': 'C:\\Users\\daiko\\.dbt', 'send_anonymous_usage_stats': 'True', 'quiet': 'False', 'warn_error': 'None', 'partial_parse': 'True', 'use_colors': 'True', 'invocation_command': 'dbt init portfolio-tracker', 'indirect_selection': 'eager', 'use_experimental_parser': 'False', 'log_path': 'C:\\Users\\daiko\\My_Projects\\GITHUB_projects\\DBT\\DBT_projects_tutorials\\stock-portfolio-tracker-analytics-dbt\\logs'}
[0m22:34:39.612038 [info ] [MainThread]: Setting up your profile.
[0m22:34:42.367528 [debug] [MainThread]: Snowflake adapter: Setting snowflake.connector to ERROR (file logging only)
[0m22:34:42.367528 [debug] [MainThread]: Snowflake adapter: Setting botocore to ERROR (file logging only)
[0m22:34:42.368528 [debug] [MainThread]: Snowflake adapter: Setting boto3 to ERROR (file logging only)
[0m22:37:12.852633 [info ] [MainThread]: Profile portfolio_tracker written to C:\Users\daiko\.dbt\profiles.yml using target's profile_template.yml and your supplied values. Run 'dbt debug' to validate the connection.
[0m22:37:12.855097 [debug] [MainThread]: Command `dbt init` succeeded at 22:37:12.855097 after 153.40 seconds
[0m22:37:12.856097 [debug] [MainThread]: Sending event: {'category': 'dbt', 'action': 'invocation', 'label': 'end', 'context': [<snowplow_tracker.self_describing_json.SelfDescribingJson object at 0x00000137721330E0>, <snowplow_tracker.self_describing_json.SelfDescribingJson object at 0x0000013776C411F0>, <snowplow_tracker.self_describing_json.SelfDescribingJson object at 0x000001377452C530>]}
[0m22:37:12.856097 [debug] [MainThread]: Flushing usage events
[0m22:37:13.601470 [debug] [MainThread]: An error was encountered while trying to flush usage events
[0m22:37:22.493175 [debug] [MainThread]: Sending event: {'category': 'dbt', 'action': 'invocation', 'label': 'start', 'context': [<snowplow_tracker.self_describing_json.SelfDescribingJson object at 0x0000029FEED9A390>, <snowplow_tracker.self_describing_json.SelfDescribingJson object at 0x0000029FF1BFF680>, <snowplow_tracker.self_describing_json.SelfDescribingJson object at 0x0000029FF1BFE180>]}


============================== 22:37:22.497173 | ffa4b18f-676b-419c-923b-0cf2de7c0852 ==============================
[0m22:37:22.497173 [info ] [MainThread]: Running with dbt=1.11.11
[0m22:37:22.498100 [debug] [MainThread]: running dbt with arguments {'static_parser': 'True', 'no_print': 'None', 'version_check': 'True', 'target_path': 'None', 'warn_error_options': 'WarnErrorOptionsV2(error=[], warn=[], silence=[])', 'printer_width': '80', 'write_json': 'True', 'introspect': 'True', 'log_cache_events': 'False', 'empty': 'None', 'cache_selected_only': 'False', 'fail_fast': 'False', 'debug': 'False', 'log_format': 'default', 'partial_parse': 'True', 'send_anonymous_usage_stats': 'True', 'quiet': 'False', 'warn_error': 'None', 'profiles_dir': 'C:\\Users\\daiko\\.dbt', 'use_colors': 'True', 'indirect_selection': 'eager', 'invocation_command': 'dbt debug', 'use_experimental_parser': 'False', 'log_path': 'C:\\Users\\daiko\\My_Projects\\GITHUB_projects\\DBT\\DBT_projects_tutorials\\stock-portfolio-tracker-analytics-dbt\\logs'}
[0m22:37:22.513178 [info ] [MainThread]: dbt version: 1.11.11
[0m22:37:22.514098 [info ] [MainThread]: python version: 3.12.3
[0m22:37:22.515099 [info ] [MainThread]: python path: C:\Users\daiko\My_Projects\GITHUB_projects\DBT\.env_dbt\Scripts\python.exe
[0m22:37:22.516100 [info ] [MainThread]: os info: Windows-10-10.0.19045-SP0
[0m22:37:22.865861 [debug] [MainThread]: Snowflake adapter: Setting snowflake.connector to ERROR (file logging only)
[0m22:37:22.866767 [debug] [MainThread]: Snowflake adapter: Setting botocore to ERROR (file logging only)
[0m22:37:22.866767 [debug] [MainThread]: Snowflake adapter: Setting boto3 to ERROR (file logging only)
[0m22:37:22.980840 [info ] [MainThread]: Using profiles dir at C:\Users\daiko\.dbt
[0m22:37:22.982378 [info ] [MainThread]: Using profiles.yml file at C:\Users\daiko\.dbt\profiles.yml
[0m22:37:22.983499 [info ] [MainThread]: Using dbt_project.yml file at C:\Users\daiko\My_Projects\GITHUB_projects\DBT\DBT_projects_tutorials\stock-portfolio-tracker-analytics-dbt\dbt_project.yml
[0m22:37:22.985693 [info ] [MainThread]: adapter type: snowflake
[0m22:37:22.986617 [info ] [MainThread]: adapter version: 1.11.5
[0m22:37:23.102736 [info ] [MainThread]: Configuration:
[0m22:37:23.103735 [info ] [MainThread]:   profiles.yml file [[32mOK found and valid[0m]
[0m22:37:23.104736 [info ] [MainThread]:   dbt_project.yml file [[32mOK found and valid[0m]
[0m22:37:23.104736 [info ] [MainThread]: Required dependencies:
[0m22:37:23.105736 [debug] [MainThread]: Executing "git --help"
[0m22:37:23.129736 [debug] [MainThread]: STDOUT: "b"usage: git [-v | --version] [-h | --help] [-C <path>] [-c <name>=<value>]\n           [--exec-path[=<path>]] [--html-path] [--man-path] [--info-path]\n           [-p | --paginate | -P | --no-pager] [--no-replace-objects] [--no-lazy-fetch]\n           [--no-optional-locks] [--no-advice] [--bare] [--git-dir=<path>]\n           [--work-tree=<path>] [--namespace=<name>] [--config-env=<name>=<envvar>]\n           <command> [<args>]\n\nThese are common Git commands used in various situations:\n\nstart a working area (see also: git help tutorial)\n   clone      Clone a repository into a new directory\n   init       Create an empty Git repository or reinitialize an existing one\n\nwork on the current change (see also: git help everyday)\n   add        Add file contents to the index\n   mv         Move or rename a file, a directory, or a symlink\n   restore    Restore working tree files\n   rm         Remove files from the working tree and from the index\n\nexamine the history and state (see also: git help revisions)\n   bisect     Use binary search to find the commit that introduced a bug\n   diff       Show changes between commits, commit and working tree, etc\n   grep       Print lines matching a pattern\n   log        Show commit logs\n   show       Show various types of objects\n   status     Show the working tree status\n\ngrow, mark and tweak your common history\n   backfill   Download missing objects in a partial clone\n   branch     List, create, or delete branches\n   commit     Record changes to the repository\n   merge      Join two or more development histories together\n   rebase     Reapply commits on top of another base tip\n   reset      Reset current HEAD to the specified state\n   switch     Switch branches\n   tag        Create, list, delete or verify a tag object signed with GPG\n\ncollaborate (see also: git help workflows)\n   fetch      Download objects and refs from another repository\n   pull       Fetch from and integrate with another repository or a local branch\n   push       Update remote refs along with associated objects\n\n'git help -a' and 'git help -g' list available subcommands and some\nconcept guides. See 'git help <command>' or 'git help <concept>'\nto read about a specific subcommand or concept.\nSee 'git help git' for an overview of the system.\n""
[0m22:37:23.129736 [debug] [MainThread]: STDERR: "b''"
[0m22:37:23.130734 [info ] [MainThread]:  - git [[32mOK found[0m]

[0m22:37:23.131737 [info ] [MainThread]: Connection:
[0m22:37:23.132737 [info ] [MainThread]:   account: LDDEMIG-HJ34452
[0m22:37:23.132737 [info ] [MainThread]:   user: SAMSNOWLIMBU004
[0m22:37:23.133734 [info ] [MainThread]:   database: PORTFOLIO_TRACKER
[0m22:37:23.134735 [info ] [MainThread]:   warehouse: COMPUTE_WH
[0m22:37:23.135737 [info ] [MainThread]:   role: DB_EXECUTOR_ROLE
[0m22:37:23.136736 [info ] [MainThread]:   schema: DBO
[0m22:37:23.137735 [info ] [MainThread]:   authenticator: externalbrowser
[0m22:37:23.138735 [info ] [MainThread]:   oauth_client_id: None
[0m22:37:23.139739 [info ] [MainThread]:   query_tag: None
[0m22:37:23.140735 [info ] [MainThread]:   client_session_keep_alive: False
[0m22:37:23.140735 [info ] [MainThread]:   host: None
[0m22:37:23.141736 [info ] [MainThread]:   port: None
[0m22:37:23.143081 [info ] [MainThread]:   proxy_host: None
[0m22:37:23.144168 [info ] [MainThread]:   proxy_port: None
[0m22:37:23.144737 [info ] [MainThread]:   protocol: None
[0m22:37:23.145735 [info ] [MainThread]:   connect_retries: 1
[0m22:37:23.146736 [info ] [MainThread]:   connect_timeout: None
[0m22:37:23.147735 [info ] [MainThread]:   retry_on_database_errors: False
[0m22:37:23.147735 [info ] [MainThread]:   retry_all: False
[0m22:37:23.148999 [info ] [MainThread]:   insecure_mode: False
[0m22:37:23.150071 [info ] [MainThread]:   reuse_connections: True
[0m22:37:23.151940 [info ] [MainThread]:   s3_stage_vpce_dns_name: None
[0m22:37:23.194734 [info ] [MainThread]:   platform_detection_timeout_seconds: 0.0
[0m22:37:23.195736 [info ] [MainThread]: Registered adapter: snowflake=1.11.5
[0m22:37:23.558465 [debug] [MainThread]: Acquiring new snowflake connection 'debug'
[0m22:37:23.630791 [debug] [MainThread]: Using snowflake connection "debug"
[0m22:37:23.630791 [debug] [MainThread]: On debug: select 1 as id
[0m22:37:23.631771 [debug] [MainThread]: Opening a new connection, currently in state init
[0m22:37:24.460111 [debug] [MainThread]: Snowflake adapter: Error running SQL: select 1 as id
[0m22:37:24.461114 [debug] [MainThread]: Snowflake adapter: Rolling back transaction.
[0m22:37:24.462114 [info ] [MainThread]:   Connection test: [[31mERROR[0m]

[0m22:37:24.463137 [info ] [MainThread]: [31m1 check failed:[0m
[0m22:37:24.464037 [info ] [MainThread]: dbt was unable to connect to the specified database.
The database returned the following error:

  >Database Error
  390190 (08001): Failed to connect to DB: LDDEMIG-HJ34452.snowflakecomputing.com:443, There was an error related to the SAML Identity Provider account parameter. Contact Snowflake support.

Check your database credentials and try again. For more information, visit:
https://docs.getdbt.com/docs/configure-your-profile


[0m22:37:24.465038 [debug] [MainThread]: Command `dbt debug` failed at 22:37:24.465038 after 2.10 seconds
[0m22:37:24.466131 [debug] [MainThread]: Connection 'debug' was left open.
[0m22:37:24.466131 [debug] [MainThread]: On debug: No close available on handle
[0m22:37:24.467038 [debug] [MainThread]: Sending event: {'category': 'dbt', 'action': 'invocation', 'label': 'end', 'context': [<snowplow_tracker.self_describing_json.SelfDescribingJson object at 0x0000029FF14EAE70>, <snowplow_tracker.self_describing_json.SelfDescribingJson object at 0x0000029FF15C03E0>, <snowplow_tracker.self_describing_json.SelfDescribingJson object at 0x0000029FF15C0380>]}
[0m22:37:24.467038 [debug] [MainThread]: Flushing usage events
[0m22:37:25.163985 [debug] [MainThread]: An error was encountered while trying to flush usage events
[0m14:19:54.660016 [debug] [MainThread]: Sending event: {'category': 'dbt', 'action': 'invocation', 'label': 'start', 'context': [<snowplow_tracker.self_describing_json.SelfDescribingJson object at 0x0000016CFE13A0F0>, <snowplow_tracker.self_describing_json.SelfDescribingJson object at 0x0000016CFBFD9F70>, <snowplow_tracker.self_describing_json.SelfDescribingJson object at 0x0000016CFEE6BA70>]}


============================== 14:19:54.666022 | b67584b4-c416-47bb-91ec-41d5c5cfc342 ==============================
[0m14:19:54.666022 [info ] [MainThread]: Running with dbt=1.11.11
[0m14:19:54.668015 [debug] [MainThread]: running dbt with arguments {'version_check': 'True', 'no_print': 'None', 'static_parser': 'True', 'target_path': 'None', 'warn_error_options': 'WarnErrorOptionsV2(error=[], warn=[], silence=[])', 'printer_width': '80', 'write_json': 'True', 'empty': 'None', 'log_cache_events': 'False', 'introspect': 'True', 'cache_selected_only': 'False', 'log_format': 'default', 'debug': 'False', 'fail_fast': 'False', 'partial_parse': 'True', 'send_anonymous_usage_stats': 'True', 'quiet': 'False', 'warn_error': 'None', 'profiles_dir': 'C:\\Users\\daiko\\.dbt', 'use_colors': 'True', 'invocation_command': 'dbt debug', 'indirect_selection': 'eager', 'use_experimental_parser': 'False', 'log_path': 'C:\\Users\\daiko\\My_Projects\\GITHUB_projects\\DBT\\DBT_projects_tutorials\\stock-portfolio-tracker-analytics-dbt\\logs'}
[0m14:19:54.708015 [info ] [MainThread]: dbt version: 1.11.11
[0m14:19:54.709015 [info ] [MainThread]: python version: 3.12.3
[0m14:19:54.709015 [info ] [MainThread]: python path: C:\Users\daiko\My_Projects\GITHUB_projects\DBT\.env_dbt\Scripts\python.exe
[0m14:19:54.710557 [info ] [MainThread]: os info: Windows-10-10.0.19045-SP0
[0m14:19:55.347440 [debug] [MainThread]: Snowflake adapter: Setting snowflake.connector to ERROR (file logging only)
[0m14:19:55.348440 [debug] [MainThread]: Snowflake adapter: Setting botocore to ERROR (file logging only)
[0m14:19:55.348440 [debug] [MainThread]: Snowflake adapter: Setting boto3 to ERROR (file logging only)
[0m14:19:55.496447 [info ] [MainThread]: Using profiles dir at C:\Users\daiko\.dbt
[0m14:19:55.497439 [info ] [MainThread]: Using profiles.yml file at C:\Users\daiko\.dbt\profiles.yml
[0m14:19:55.498448 [info ] [MainThread]: Using dbt_project.yml file at C:\Users\daiko\My_Projects\GITHUB_projects\DBT\DBT_projects_tutorials\stock-portfolio-tracker-analytics-dbt\dbt_project.yml
[0m14:19:55.500442 [info ] [MainThread]: adapter type: snowflake
[0m14:19:55.500442 [info ] [MainThread]: adapter version: 1.11.5
[0m14:19:55.629511 [info ] [MainThread]: Configuration:
[0m14:19:55.630441 [info ] [MainThread]:   profiles.yml file [[32mOK found and valid[0m]
[0m14:19:55.631438 [info ] [MainThread]:   dbt_project.yml file [[32mOK found and valid[0m]
[0m14:19:55.632437 [info ] [MainThread]: Required dependencies:
[0m14:19:55.633437 [debug] [MainThread]: Executing "git --help"
[0m14:19:55.676437 [debug] [MainThread]: STDOUT: "b"usage: git [-v | --version] [-h | --help] [-C <path>] [-c <name>=<value>]\n           [--exec-path[=<path>]] [--html-path] [--man-path] [--info-path]\n           [-p | --paginate | -P | --no-pager] [--no-replace-objects] [--no-lazy-fetch]\n           [--no-optional-locks] [--no-advice] [--bare] [--git-dir=<path>]\n           [--work-tree=<path>] [--namespace=<name>] [--config-env=<name>=<envvar>]\n           <command> [<args>]\n\nThese are common Git commands used in various situations:\n\nstart a working area (see also: git help tutorial)\n   clone      Clone a repository into a new directory\n   init       Create an empty Git repository or reinitialize an existing one\n\nwork on the current change (see also: git help everyday)\n   add        Add file contents to the index\n   mv         Move or rename a file, a directory, or a symlink\n   restore    Restore working tree files\n   rm         Remove files from the working tree and from the index\n\nexamine the history and state (see also: git help revisions)\n   bisect     Use binary search to find the commit that introduced a bug\n   diff       Show changes between commits, commit and working tree, etc\n   grep       Print lines matching a pattern\n   log        Show commit logs\n   show       Show various types of objects\n   status     Show the working tree status\n\ngrow, mark and tweak your common history\n   backfill   Download missing objects in a partial clone\n   branch     List, create, or delete branches\n   commit     Record changes to the repository\n   merge      Join two or more development histories together\n   rebase     Reapply commits on top of another base tip\n   reset      Reset current HEAD to the specified state\n   switch     Switch branches\n   tag        Create, list, delete or verify a tag object signed with GPG\n\ncollaborate (see also: git help workflows)\n   fetch      Download objects and refs from another repository\n   pull       Fetch from and integrate with another repository or a local branch\n   push       Update remote refs along with associated objects\n\n'git help -a' and 'git help -g' list available subcommands and some\nconcept guides. See 'git help <command>' or 'git help <concept>'\nto read about a specific subcommand or concept.\nSee 'git help git' for an overview of the system.\n""
[0m14:19:55.678565 [debug] [MainThread]: STDERR: "b''"
[0m14:19:55.679438 [info ] [MainThread]:  - git [[32mOK found[0m]

[0m14:19:55.681438 [info ] [MainThread]: Connection:
[0m14:19:55.682438 [info ] [MainThread]:   account: LDDEMIG-HJ34452
[0m14:19:55.684438 [info ] [MainThread]:   user: SAMSNOWLIMBU004
[0m14:19:55.685437 [info ] [MainThread]:   database: PORTFOLIO_TRACKER
[0m14:19:55.686996 [info ] [MainThread]:   warehouse: COMPUTE_WH
[0m14:19:55.689438 [info ] [MainThread]:   role: DB_EXECUTOR_ROLE
[0m14:19:55.690439 [info ] [MainThread]:   schema: DBO
[0m14:19:55.691445 [info ] [MainThread]:   authenticator: externalbrowser
[0m14:19:55.692478 [info ] [MainThread]:   oauth_client_id: None
[0m14:19:55.692478 [info ] [MainThread]:   query_tag: None
[0m14:19:55.693441 [info ] [MainThread]:   client_session_keep_alive: False
[0m14:19:55.695438 [info ] [MainThread]:   host: None
[0m14:19:55.697442 [info ] [MainThread]:   port: None
[0m14:19:55.698441 [info ] [MainThread]:   proxy_host: None
[0m14:19:55.699439 [info ] [MainThread]:   proxy_port: None
[0m14:19:55.701439 [info ] [MainThread]:   protocol: None
[0m14:19:55.722021 [info ] [MainThread]:   connect_retries: 1
[0m14:19:55.732019 [info ] [MainThread]:   connect_timeout: None
[0m14:19:55.740019 [info ] [MainThread]:   retry_on_database_errors: False
[0m14:19:55.742019 [info ] [MainThread]:   retry_all: False
[0m14:19:55.743018 [info ] [MainThread]:   insecure_mode: False
[0m14:19:55.756025 [info ] [MainThread]:   reuse_connections: True
[0m14:19:55.770029 [info ] [MainThread]:   s3_stage_vpce_dns_name: None
[0m14:19:55.772165 [info ] [MainThread]:   platform_detection_timeout_seconds: 0.0
[0m14:19:55.774018 [info ] [MainThread]: Registered adapter: snowflake=1.11.5
[0m14:19:56.231809 [debug] [MainThread]: Acquiring new snowflake connection 'debug'
[0m14:19:56.340800 [debug] [MainThread]: Using snowflake connection "debug"
[0m14:19:56.341801 [debug] [MainThread]: On debug: select 1 as id
[0m14:19:56.341801 [debug] [MainThread]: Opening a new connection, currently in state init
[0m14:19:58.282419 [debug] [MainThread]: Snowflake adapter: Error running SQL: select 1 as id
[0m14:19:58.282419 [debug] [MainThread]: Snowflake adapter: Rolling back transaction.
[0m14:19:58.284416 [info ] [MainThread]:   Connection test: [[31mERROR[0m]

[0m14:19:58.285419 [info ] [MainThread]: [31m1 check failed:[0m
[0m14:19:58.286419 [info ] [MainThread]: dbt was unable to connect to the specified database.
The database returned the following error:

  >Database Error
  390190 (08001): Failed to connect to DB: LDDEMIG-HJ34452.snowflakecomputing.com:443, There was an error related to the SAML Identity Provider account parameter. Contact Snowflake support.

Check your database credentials and try again. For more information, visit:
https://docs.getdbt.com/docs/configure-your-profile


[0m14:19:58.289416 [debug] [MainThread]: Command `dbt debug` failed at 14:19:58.289416 after 3.84 seconds
[0m14:19:58.291416 [debug] [MainThread]: Connection 'debug' was left open.
[0m14:19:58.292487 [debug] [MainThread]: On debug: No close available on handle
[0m14:19:58.294425 [debug] [MainThread]: Sending event: {'category': 'dbt', 'action': 'invocation', 'label': 'end', 'context': [<snowplow_tracker.self_describing_json.SelfDescribingJson object at 0x0000016CFDA730E0>, <snowplow_tracker.self_describing_json.SelfDescribingJson object at 0x0000016CFE725970>, <snowplow_tracker.self_describing_json.SelfDescribingJson object at 0x0000016CFEEC3EC0>]}
[0m14:19:58.295417 [debug] [MainThread]: Flushing usage events
[0m14:19:59.470653 [debug] [MainThread]: An error was encountered while trying to flush usage events
[0m14:26:25.699060 [debug] [MainThread]: Sending event: {'category': 'dbt', 'action': 'invocation', 'label': 'start', 'context': [<snowplow_tracker.self_describing_json.SelfDescribingJson object at 0x0000020ED5F2C320>, <snowplow_tracker.self_describing_json.SelfDescribingJson object at 0x0000020ED3BC9FD0>, <snowplow_tracker.self_describing_json.SelfDescribingJson object at 0x0000020ED6EB1C10>]}


============================== 14:26:25.709059 | 0f7d860b-f494-4ee8-8400-46379dd2205c ==============================
[0m14:26:25.709059 [info ] [MainThread]: Running with dbt=1.11.11
[0m14:26:25.711060 [debug] [MainThread]: running dbt with arguments {'version_check': 'True', 'no_print': 'None', 'static_parser': 'True', 'target_path': 'None', 'warn_error_options': 'WarnErrorOptionsV2(error=[], warn=[], silence=[])', 'printer_width': '80', 'write_json': 'True', 'introspect': 'True', 'log_cache_events': 'False', 'empty': 'None', 'cache_selected_only': 'False', 'fail_fast': 'False', 'debug': 'False', 'log_format': 'default', 'partial_parse': 'True', 'send_anonymous_usage_stats': 'True', 'quiet': 'False', 'warn_error': 'None', 'profiles_dir': 'C:\\Users\\daiko\\.dbt', 'use_colors': 'True', 'indirect_selection': 'eager', 'invocation_command': 'dbt debug', 'use_experimental_parser': 'False', 'log_path': 'C:\\Users\\daiko\\My_Projects\\GITHUB_projects\\DBT\\DBT_projects_tutorials\\stock-portfolio-tracker-analytics-dbt\\logs'}
[0m14:26:25.748061 [info ] [MainThread]: dbt version: 1.11.11
[0m14:26:25.749061 [info ] [MainThread]: python version: 3.12.3
[0m14:26:25.750061 [info ] [MainThread]: python path: C:\Users\daiko\My_Projects\GITHUB_projects\DBT\.env_dbt\Scripts\python.exe
[0m14:26:25.752143 [info ] [MainThread]: os info: Windows-10-10.0.19045-SP0
[0m14:26:26.169642 [debug] [MainThread]: Snowflake adapter: Setting snowflake.connector to ERROR (file logging only)
[0m14:26:26.170644 [debug] [MainThread]: Snowflake adapter: Setting botocore to ERROR (file logging only)
[0m14:26:26.171633 [debug] [MainThread]: Snowflake adapter: Setting boto3 to ERROR (file logging only)
[0m14:26:26.305548 [info ] [MainThread]: Using profiles dir at C:\Users\daiko\.dbt
[0m14:26:26.306548 [info ] [MainThread]: Using profiles.yml file at C:\Users\daiko\.dbt\profiles.yml
[0m14:26:26.307547 [info ] [MainThread]: Using dbt_project.yml file at C:\Users\daiko\My_Projects\GITHUB_projects\DBT\DBT_projects_tutorials\stock-portfolio-tracker-analytics-dbt\dbt_project.yml
[0m14:26:26.308548 [info ] [MainThread]: adapter type: snowflake
[0m14:26:26.309547 [info ] [MainThread]: adapter version: 1.11.5
[0m14:26:26.450841 [info ] [MainThread]: Configuration:
[0m14:26:26.451841 [info ] [MainThread]:   profiles.yml file [[32mOK found and valid[0m]
[0m14:26:26.452842 [info ] [MainThread]:   dbt_project.yml file [[32mOK found and valid[0m]
[0m14:26:26.452842 [info ] [MainThread]: Required dependencies:
[0m14:26:26.453842 [debug] [MainThread]: Executing "git --help"
[0m14:26:26.484840 [debug] [MainThread]: STDOUT: "b"usage: git [-v | --version] [-h | --help] [-C <path>] [-c <name>=<value>]\n           [--exec-path[=<path>]] [--html-path] [--man-path] [--info-path]\n           [-p | --paginate | -P | --no-pager] [--no-replace-objects] [--no-lazy-fetch]\n           [--no-optional-locks] [--no-advice] [--bare] [--git-dir=<path>]\n           [--work-tree=<path>] [--namespace=<name>] [--config-env=<name>=<envvar>]\n           <command> [<args>]\n\nThese are common Git commands used in various situations:\n\nstart a working area (see also: git help tutorial)\n   clone      Clone a repository into a new directory\n   init       Create an empty Git repository or reinitialize an existing one\n\nwork on the current change (see also: git help everyday)\n   add        Add file contents to the index\n   mv         Move or rename a file, a directory, or a symlink\n   restore    Restore working tree files\n   rm         Remove files from the working tree and from the index\n\nexamine the history and state (see also: git help revisions)\n   bisect     Use binary search to find the commit that introduced a bug\n   diff       Show changes between commits, commit and working tree, etc\n   grep       Print lines matching a pattern\n   log        Show commit logs\n   show       Show various types of objects\n   status     Show the working tree status\n\ngrow, mark and tweak your common history\n   backfill   Download missing objects in a partial clone\n   branch     List, create, or delete branches\n   commit     Record changes to the repository\n   merge      Join two or more development histories together\n   rebase     Reapply commits on top of another base tip\n   reset      Reset current HEAD to the specified state\n   switch     Switch branches\n   tag        Create, list, delete or verify a tag object signed with GPG\n\ncollaborate (see also: git help workflows)\n   fetch      Download objects and refs from another repository\n   pull       Fetch from and integrate with another repository or a local branch\n   push       Update remote refs along with associated objects\n\n'git help -a' and 'git help -g' list available subcommands and some\nconcept guides. See 'git help <command>' or 'git help <concept>'\nto read about a specific subcommand or concept.\nSee 'git help git' for an overview of the system.\n""
[0m14:26:26.485839 [debug] [MainThread]: STDERR: "b''"
[0m14:26:26.487674 [info ] [MainThread]:  - git [[32mOK found[0m]

[0m14:26:26.489840 [info ] [MainThread]: Connection:
[0m14:26:26.490839 [info ] [MainThread]:   account: LDDEMIG-HJ34452.west-us-2.aws
[0m14:26:26.491840 [info ] [MainThread]:   user: SAMSNOWLIMBU004
[0m14:26:26.492839 [info ] [MainThread]:   database: PORTFOLIO_TRACKER
[0m14:26:26.493839 [info ] [MainThread]:   warehouse: COMPUTE_WH
[0m14:26:26.495854 [info ] [MainThread]:   role: DB_EXECUTOR_ROLE
[0m14:26:26.497847 [info ] [MainThread]:   schema: DBO
[0m14:26:26.499840 [info ] [MainThread]:   authenticator: externalbrowser
[0m14:26:26.501181 [info ] [MainThread]:   oauth_client_id: None
[0m14:26:26.501839 [info ] [MainThread]:   query_tag: None
[0m14:26:26.502896 [info ] [MainThread]:   client_session_keep_alive: False
[0m14:26:26.503865 [info ] [MainThread]:   host: None
[0m14:26:26.504839 [info ] [MainThread]:   port: None
[0m14:26:26.505959 [info ] [MainThread]:   proxy_host: None
[0m14:26:26.507840 [info ] [MainThread]:   proxy_port: None
[0m14:26:26.509855 [info ] [MainThread]:   protocol: None
[0m14:26:26.510839 [info ] [MainThread]:   connect_retries: 1
[0m14:26:26.511839 [info ] [MainThread]:   connect_timeout: None
[0m14:26:26.513840 [info ] [MainThread]:   retry_on_database_errors: False
[0m14:26:26.514840 [info ] [MainThread]:   retry_all: False
[0m14:26:26.516846 [info ] [MainThread]:   insecure_mode: False
[0m14:26:26.517839 [info ] [MainThread]:   reuse_connections: True
[0m14:26:26.519146 [info ] [MainThread]:   s3_stage_vpce_dns_name: None
[0m14:26:26.520851 [info ] [MainThread]:   platform_detection_timeout_seconds: 0.0
[0m14:26:26.522841 [info ] [MainThread]: Registered adapter: snowflake=1.11.5
[0m14:26:26.954129 [debug] [MainThread]: Acquiring new snowflake connection 'debug'
[0m14:26:27.032042 [debug] [MainThread]: Using snowflake connection "debug"
[0m14:26:27.032042 [debug] [MainThread]: On debug: select 1 as id
[0m14:26:27.033042 [debug] [MainThread]: Opening a new connection, currently in state init
[0m14:26:27.466155 [debug] [MainThread]: Snowflake adapter: Error running SQL: select 1 as id
[0m14:26:27.467149 [debug] [MainThread]: Snowflake adapter: Rolling back transaction.
[0m14:26:27.470149 [info ] [MainThread]:   Connection test: [[31mERROR[0m]

[0m14:26:27.472150 [info ] [MainThread]: [31m1 check failed:[0m
[0m14:26:27.473149 [info ] [MainThread]: dbt was unable to connect to the specified database.
The database returned the following error:

  >Database Error
  290404 (08001): 404 Not Found: post LDDEMIG-HJ34452.west-us-2.aws.snowflakecomputing.com:443/session/authenticator-request

Check your database credentials and try again. For more information, visit:
https://docs.getdbt.com/docs/configure-your-profile


[0m14:26:27.476150 [debug] [MainThread]: Command `dbt debug` failed at 14:26:27.476150 after 1.99 seconds
[0m14:26:27.478151 [debug] [MainThread]: Connection 'debug' was left open.
[0m14:26:27.479151 [debug] [MainThread]: On debug: No close available on handle
[0m14:26:27.480151 [debug] [MainThread]: Sending event: {'category': 'dbt', 'action': 'invocation', 'label': 'end', 'context': [<snowplow_tracker.self_describing_json.SelfDescribingJson object at 0x0000020ED32DA5A0>, <snowplow_tracker.self_describing_json.SelfDescribingJson object at 0x0000020ED6CEE900>, <snowplow_tracker.self_describing_json.SelfDescribingJson object at 0x0000020ED6EDAFF0>]}
[0m14:26:27.482151 [debug] [MainThread]: Flushing usage events
[0m14:26:28.279017 [debug] [MainThread]: An error was encountered while trying to flush usage events
[0m14:27:48.052011 [debug] [MainThread]: Sending event: {'category': 'dbt', 'action': 'invocation', 'label': 'start', 'context': [<snowplow_tracker.self_describing_json.SelfDescribingJson object at 0x000001E4242057C0>, <snowplow_tracker.self_describing_json.SelfDescribingJson object at 0x000001E421A5A240>, <snowplow_tracker.self_describing_json.SelfDescribingJson object at 0x000001E4243A0DA0>]}


============================== 14:27:48.057011 | b25d84f4-9de4-48c3-9b6b-05164644953d ==============================
[0m14:27:48.057011 [info ] [MainThread]: Running with dbt=1.11.11
[0m14:27:48.059009 [debug] [MainThread]: running dbt with arguments {'version_check': 'True', 'no_print': 'None', 'static_parser': 'True', 'warn_error_options': 'WarnErrorOptionsV2(error=[], warn=[], silence=[])', 'target_path': 'None', 'printer_width': '80', 'write_json': 'True', 'introspect': 'True', 'log_cache_events': 'False', 'empty': 'None', 'cache_selected_only': 'False', 'log_format': 'default', 'debug': 'False', 'fail_fast': 'False', 'partial_parse': 'True', 'send_anonymous_usage_stats': 'True', 'quiet': 'False', 'warn_error': 'None', 'profiles_dir': 'C:\\Users\\daiko\\.dbt', 'indirect_selection': 'eager', 'use_colors': 'True', 'invocation_command': 'dbt debug', 'use_experimental_parser': 'False', 'log_path': 'C:\\Users\\daiko\\My_Projects\\GITHUB_projects\\DBT\\DBT_projects_tutorials\\stock-portfolio-tracker-analytics-dbt\\logs'}
[0m14:27:48.086011 [info ] [MainThread]: dbt version: 1.11.11
[0m14:27:48.087012 [info ] [MainThread]: python version: 3.12.3
[0m14:27:48.088009 [info ] [MainThread]: python path: C:\Users\daiko\My_Projects\GITHUB_projects\DBT\.env_dbt\Scripts\python.exe
[0m14:27:48.089178 [info ] [MainThread]: os info: Windows-10-10.0.19045-SP0
[0m14:27:48.506817 [debug] [MainThread]: Snowflake adapter: Setting snowflake.connector to ERROR (file logging only)
[0m14:27:48.506817 [debug] [MainThread]: Snowflake adapter: Setting botocore to ERROR (file logging only)
[0m14:27:48.507809 [debug] [MainThread]: Snowflake adapter: Setting boto3 to ERROR (file logging only)
[0m14:27:48.661234 [info ] [MainThread]: Using profiles dir at C:\Users\daiko\.dbt
[0m14:27:48.663232 [info ] [MainThread]: Using profiles.yml file at C:\Users\daiko\.dbt\profiles.yml
[0m14:27:48.664232 [info ] [MainThread]: Using dbt_project.yml file at C:\Users\daiko\My_Projects\GITHUB_projects\DBT\DBT_projects_tutorials\stock-portfolio-tracker-analytics-dbt\dbt_project.yml
[0m14:27:48.666311 [info ] [MainThread]: adapter type: snowflake
[0m14:27:48.667230 [info ] [MainThread]: adapter version: 1.11.5
[0m14:27:48.798411 [info ] [MainThread]: Configuration:
[0m14:27:48.799755 [info ] [MainThread]:   profiles.yml file [[32mOK found and valid[0m]
[0m14:27:48.800764 [info ] [MainThread]:   dbt_project.yml file [[32mOK found and valid[0m]
[0m14:27:48.801763 [info ] [MainThread]: Required dependencies:
[0m14:27:48.803763 [debug] [MainThread]: Executing "git --help"
[0m14:27:48.842844 [debug] [MainThread]: STDOUT: "b"usage: git [-v | --version] [-h | --help] [-C <path>] [-c <name>=<value>]\n           [--exec-path[=<path>]] [--html-path] [--man-path] [--info-path]\n           [-p | --paginate | -P | --no-pager] [--no-replace-objects] [--no-lazy-fetch]\n           [--no-optional-locks] [--no-advice] [--bare] [--git-dir=<path>]\n           [--work-tree=<path>] [--namespace=<name>] [--config-env=<name>=<envvar>]\n           <command> [<args>]\n\nThese are common Git commands used in various situations:\n\nstart a working area (see also: git help tutorial)\n   clone      Clone a repository into a new directory\n   init       Create an empty Git repository or reinitialize an existing one\n\nwork on the current change (see also: git help everyday)\n   add        Add file contents to the index\n   mv         Move or rename a file, a directory, or a symlink\n   restore    Restore working tree files\n   rm         Remove files from the working tree and from the index\n\nexamine the history and state (see also: git help revisions)\n   bisect     Use binary search to find the commit that introduced a bug\n   diff       Show changes between commits, commit and working tree, etc\n   grep       Print lines matching a pattern\n   log        Show commit logs\n   show       Show various types of objects\n   status     Show the working tree status\n\ngrow, mark and tweak your common history\n   backfill   Download missing objects in a partial clone\n   branch     List, create, or delete branches\n   commit     Record changes to the repository\n   merge      Join two or more development histories together\n   rebase     Reapply commits on top of another base tip\n   reset      Reset current HEAD to the specified state\n   switch     Switch branches\n   tag        Create, list, delete or verify a tag object signed with GPG\n\ncollaborate (see also: git help workflows)\n   fetch      Download objects and refs from another repository\n   pull       Fetch from and integrate with another repository or a local branch\n   push       Update remote refs along with associated objects\n\n'git help -a' and 'git help -g' list available subcommands and some\nconcept guides. See 'git help <command>' or 'git help <concept>'\nto read about a specific subcommand or concept.\nSee 'git help git' for an overview of the system.\n""
[0m14:27:48.843856 [debug] [MainThread]: STDERR: "b''"
[0m14:27:48.844847 [info ] [MainThread]:  - git [[32mOK found[0m]

[0m14:27:48.845796 [info ] [MainThread]: Connection:
[0m14:27:48.847799 [info ] [MainThread]:   account: HJ34452.west-us-2.aws
[0m14:27:48.848763 [info ] [MainThread]:   user: SAMSNOWLIMBU004
[0m14:27:48.848763 [info ] [MainThread]:   database: PORTFOLIO_TRACKER
[0m14:27:48.849838 [info ] [MainThread]:   warehouse: COMPUTE_WH
[0m14:27:48.849838 [info ] [MainThread]:   role: DB_EXECUTOR_ROLE
[0m14:27:48.850795 [info ] [MainThread]:   schema: DBO
[0m14:27:48.851760 [info ] [MainThread]:   authenticator: externalbrowser
[0m14:27:48.852764 [info ] [MainThread]:   oauth_client_id: None
[0m14:27:48.853765 [info ] [MainThread]:   query_tag: None
[0m14:27:48.853765 [info ] [MainThread]:   client_session_keep_alive: False
[0m14:27:48.854763 [info ] [MainThread]:   host: None
[0m14:27:48.855761 [info ] [MainThread]:   port: None
[0m14:27:48.856759 [info ] [MainThread]:   proxy_host: None
[0m14:27:48.857761 [info ] [MainThread]:   proxy_port: None
[0m14:27:48.858759 [info ] [MainThread]:   protocol: None
[0m14:27:48.859759 [info ] [MainThread]:   connect_retries: 1
[0m14:27:48.860759 [info ] [MainThread]:   connect_timeout: None
[0m14:27:48.861763 [info ] [MainThread]:   retry_on_database_errors: False
[0m14:27:48.863769 [info ] [MainThread]:   retry_all: False
[0m14:27:48.865807 [info ] [MainThread]:   insecure_mode: False
[0m14:27:48.866762 [info ] [MainThread]:   reuse_connections: True
[0m14:27:48.867765 [info ] [MainThread]:   s3_stage_vpce_dns_name: None
[0m14:27:48.868763 [info ] [MainThread]:   platform_detection_timeout_seconds: 0.0
[0m14:27:48.869762 [info ] [MainThread]: Registered adapter: snowflake=1.11.5
[0m14:27:49.270287 [debug] [MainThread]: Acquiring new snowflake connection 'debug'
[0m14:27:49.341281 [debug] [MainThread]: Using snowflake connection "debug"
[0m14:27:49.342281 [debug] [MainThread]: On debug: select 1 as id
[0m14:27:49.342281 [debug] [MainThread]: Opening a new connection, currently in state init
[0m14:27:49.799596 [debug] [MainThread]: Snowflake adapter: Error running SQL: select 1 as id
[0m14:27:49.801595 [debug] [MainThread]: Snowflake adapter: Rolling back transaction.
[0m14:27:49.804598 [info ] [MainThread]:   Connection test: [[31mERROR[0m]

[0m14:27:49.806590 [info ] [MainThread]: [31m1 check failed:[0m
[0m14:27:49.807597 [info ] [MainThread]: dbt was unable to connect to the specified database.
The database returned the following error:

  >Database Error
  290404 (08001): 404 Not Found: post HJ34452.west-us-2.aws.snowflakecomputing.com:443/session/authenticator-request

Check your database credentials and try again. For more information, visit:
https://docs.getdbt.com/docs/configure-your-profile


[0m14:27:49.810596 [debug] [MainThread]: Command `dbt debug` failed at 14:27:49.809588 after 1.94 seconds
[0m14:27:49.810596 [debug] [MainThread]: Connection 'debug' was left open.
[0m14:27:49.811588 [debug] [MainThread]: On debug: No close available on handle
[0m14:27:49.812596 [debug] [MainThread]: Sending event: {'category': 'dbt', 'action': 'invocation', 'label': 'end', 'context': [<snowplow_tracker.self_describing_json.SelfDescribingJson object at 0x000001E4248BF980>, <snowplow_tracker.self_describing_json.SelfDescribingJson object at 0x000001E4248BF770>, <snowplow_tracker.self_describing_json.SelfDescribingJson object at 0x000001E4248BE120>]}
[0m14:27:49.813590 [debug] [MainThread]: Flushing usage events
[0m14:27:50.656642 [debug] [MainThread]: An error was encountered while trying to flush usage events
[0m14:29:44.009546 [debug] [MainThread]: Sending event: {'category': 'dbt', 'action': 'invocation', 'label': 'start', 'context': [<snowplow_tracker.self_describing_json.SelfDescribingJson object at 0x000002852B0CF920>, <snowplow_tracker.self_describing_json.SelfDescribingJson object at 0x000002852799A810>, <snowplow_tracker.self_describing_json.SelfDescribingJson object at 0x000002852AD84560>]}


============================== 14:29:44.014551 | 3abc6cf6-21d9-416d-8722-cb0627901dad ==============================
[0m14:29:44.014551 [info ] [MainThread]: Running with dbt=1.11.11
[0m14:29:44.016546 [debug] [MainThread]: running dbt with arguments {'static_parser': 'True', 'no_print': 'None', 'version_check': 'True', 'target_path': 'None', 'warn_error_options': 'WarnErrorOptionsV2(error=[], warn=[], silence=[])', 'printer_width': '80', 'write_json': 'True', 'empty': 'None', 'log_cache_events': 'False', 'introspect': 'True', 'cache_selected_only': 'False', 'fail_fast': 'False', 'debug': 'False', 'log_format': 'default', 'profiles_dir': 'C:\\Users\\daiko\\.dbt', 'send_anonymous_usage_stats': 'True', 'quiet': 'False', 'warn_error': 'None', 'partial_parse': 'True', 'indirect_selection': 'eager', 'use_colors': 'True', 'invocation_command': 'dbt debug', 'use_experimental_parser': 'False', 'log_path': 'C:\\Users\\daiko\\My_Projects\\GITHUB_projects\\DBT\\DBT_projects_tutorials\\stock-portfolio-tracker-analytics-dbt\\logs'}
[0m14:29:44.032547 [info ] [MainThread]: dbt version: 1.11.11
[0m14:29:44.034545 [info ] [MainThread]: python version: 3.12.3
[0m14:29:44.035548 [info ] [MainThread]: python path: C:\Users\daiko\My_Projects\GITHUB_projects\DBT\.env_dbt\Scripts\python.exe
[0m14:29:44.036548 [info ] [MainThread]: os info: Windows-10-10.0.19045-SP0
[0m14:29:44.482680 [debug] [MainThread]: Snowflake adapter: Setting snowflake.connector to ERROR (file logging only)
[0m14:29:44.483679 [debug] [MainThread]: Snowflake adapter: Setting botocore to ERROR (file logging only)
[0m14:29:44.483679 [debug] [MainThread]: Snowflake adapter: Setting boto3 to ERROR (file logging only)
[0m14:29:44.616190 [info ] [MainThread]: Using profiles dir at C:\Users\daiko\.dbt
[0m14:29:44.616190 [info ] [MainThread]: Using profiles.yml file at C:\Users\daiko\.dbt\profiles.yml
[0m14:29:44.617190 [info ] [MainThread]: Using dbt_project.yml file at C:\Users\daiko\My_Projects\GITHUB_projects\DBT\DBT_projects_tutorials\stock-portfolio-tracker-analytics-dbt\dbt_project.yml
[0m14:29:44.619191 [info ] [MainThread]: adapter type: snowflake
[0m14:29:44.619191 [info ] [MainThread]: adapter version: 1.11.5
[0m14:29:44.768191 [info ] [MainThread]: Configuration:
[0m14:29:44.769206 [info ] [MainThread]:   profiles.yml file [[32mOK found and valid[0m]
[0m14:29:44.770188 [info ] [MainThread]:   dbt_project.yml file [[32mOK found and valid[0m]
[0m14:29:44.771193 [info ] [MainThread]: Required dependencies:
[0m14:29:44.773187 [debug] [MainThread]: Executing "git --help"
[0m14:29:44.816191 [debug] [MainThread]: STDOUT: "b"usage: git [-v | --version] [-h | --help] [-C <path>] [-c <name>=<value>]\n           [--exec-path[=<path>]] [--html-path] [--man-path] [--info-path]\n           [-p | --paginate | -P | --no-pager] [--no-replace-objects] [--no-lazy-fetch]\n           [--no-optional-locks] [--no-advice] [--bare] [--git-dir=<path>]\n           [--work-tree=<path>] [--namespace=<name>] [--config-env=<name>=<envvar>]\n           <command> [<args>]\n\nThese are common Git commands used in various situations:\n\nstart a working area (see also: git help tutorial)\n   clone      Clone a repository into a new directory\n   init       Create an empty Git repository or reinitialize an existing one\n\nwork on the current change (see also: git help everyday)\n   add        Add file contents to the index\n   mv         Move or rename a file, a directory, or a symlink\n   restore    Restore working tree files\n   rm         Remove files from the working tree and from the index\n\nexamine the history and state (see also: git help revisions)\n   bisect     Use binary search to find the commit that introduced a bug\n   diff       Show changes between commits, commit and working tree, etc\n   grep       Print lines matching a pattern\n   log        Show commit logs\n   show       Show various types of objects\n   status     Show the working tree status\n\ngrow, mark and tweak your common history\n   backfill   Download missing objects in a partial clone\n   branch     List, create, or delete branches\n   commit     Record changes to the repository\n   merge      Join two or more development histories together\n   rebase     Reapply commits on top of another base tip\n   reset      Reset current HEAD to the specified state\n   switch     Switch branches\n   tag        Create, list, delete or verify a tag object signed with GPG\n\ncollaborate (see also: git help workflows)\n   fetch      Download objects and refs from another repository\n   pull       Fetch from and integrate with another repository or a local branch\n   push       Update remote refs along with associated objects\n\n'git help -a' and 'git help -g' list available subcommands and some\nconcept guides. See 'git help <command>' or 'git help <concept>'\nto read about a specific subcommand or concept.\nSee 'git help git' for an overview of the system.\n""
[0m14:29:44.818187 [debug] [MainThread]: STDERR: "b''"
[0m14:29:44.819187 [info ] [MainThread]:  - git [[32mOK found[0m]

[0m14:29:44.820187 [info ] [MainThread]: Connection:
[0m14:29:44.821187 [info ] [MainThread]:   account: LDDEMIG-HJ34452
[0m14:29:44.823187 [info ] [MainThread]:   user: SAMSNOWLIMBU004
[0m14:29:44.824186 [info ] [MainThread]:   database: PORTFOLIO_TRACKER
[0m14:29:44.825202 [info ] [MainThread]:   warehouse: COMPUTE_WH
[0m14:29:44.827005 [info ] [MainThread]:   role: DB_EXECUTOR_ROLE
[0m14:29:44.828192 [info ] [MainThread]:   schema: DBO
[0m14:29:44.829188 [info ] [MainThread]:   authenticator: externalbrowser
[0m14:29:44.831187 [info ] [MainThread]:   oauth_client_id: None
[0m14:29:44.832188 [info ] [MainThread]:   query_tag: None
[0m14:29:44.833188 [info ] [MainThread]:   client_session_keep_alive: False
[0m14:29:44.834187 [info ] [MainThread]:   host: None
[0m14:29:44.836187 [info ] [MainThread]:   port: None
[0m14:29:44.837188 [info ] [MainThread]:   proxy_host: None
[0m14:29:44.839193 [info ] [MainThread]:   proxy_port: None
[0m14:29:44.841190 [info ] [MainThread]:   protocol: None
[0m14:29:44.843188 [info ] [MainThread]:   connect_retries: 1
[0m14:29:44.844189 [info ] [MainThread]:   connect_timeout: None
[0m14:29:44.845252 [info ] [MainThread]:   retry_on_database_errors: False
[0m14:29:44.847189 [info ] [MainThread]:   retry_all: False
[0m14:29:44.849188 [info ] [MainThread]:   insecure_mode: False
[0m14:29:44.851188 [info ] [MainThread]:   reuse_connections: True
[0m14:29:44.852187 [info ] [MainThread]:   s3_stage_vpce_dns_name: None
[0m14:29:44.854187 [info ] [MainThread]:   platform_detection_timeout_seconds: 0.0
[0m14:29:44.856195 [info ] [MainThread]: Registered adapter: snowflake=1.11.5
[0m14:29:45.261500 [debug] [MainThread]: Acquiring new snowflake connection 'debug'
[0m14:29:45.353519 [debug] [MainThread]: Using snowflake connection "debug"
[0m14:29:45.354521 [debug] [MainThread]: On debug: select 1 as id
[0m14:29:45.355435 [debug] [MainThread]: Opening a new connection, currently in state init
[0m14:29:46.995298 [debug] [MainThread]: Snowflake adapter: Error running SQL: select 1 as id
[0m14:29:46.996299 [debug] [MainThread]: Snowflake adapter: Rolling back transaction.
[0m14:29:46.997293 [info ] [MainThread]:   Connection test: [[31mERROR[0m]

[0m14:29:46.998393 [info ] [MainThread]: [31m1 check failed:[0m
[0m14:29:46.999296 [info ] [MainThread]: dbt was unable to connect to the specified database.
The database returned the following error:

  >Database Error
  390190 (08001): Failed to connect to DB: LDDEMIG-HJ34452.snowflakecomputing.com:443, There was an error related to the SAML Identity Provider account parameter. Contact Snowflake support.

Check your database credentials and try again. For more information, visit:
https://docs.getdbt.com/docs/configure-your-profile


[0m14:29:47.002301 [debug] [MainThread]: Command `dbt debug` failed at 14:29:47.001300 after 3.16 seconds
[0m14:29:47.003412 [debug] [MainThread]: Connection 'debug' was left open.
[0m14:29:47.005293 [debug] [MainThread]: On debug: No close available on handle
[0m14:29:47.005293 [debug] [MainThread]: Sending event: {'category': 'dbt', 'action': 'invocation', 'label': 'end', 'context': [<snowplow_tracker.self_describing_json.SelfDescribingJson object at 0x0000028528BA9DF0>, <snowplow_tracker.self_describing_json.SelfDescribingJson object at 0x000002852B09E150>, <snowplow_tracker.self_describing_json.SelfDescribingJson object at 0x000002852B525460>]}
[0m14:29:47.006330 [debug] [MainThread]: Flushing usage events
[0m14:29:47.976835 [debug] [MainThread]: An error was encountered while trying to flush usage events
[0m14:32:30.185275 [debug] [MainThread]: Sending event: {'category': 'dbt', 'action': 'invocation', 'label': 'start', 'context': [<snowplow_tracker.self_describing_json.SelfDescribingJson object at 0x000001FA6BD43EC0>, <snowplow_tracker.self_describing_json.SelfDescribingJson object at 0x000001FA6915E1B0>, <snowplow_tracker.self_describing_json.SelfDescribingJson object at 0x000001FA6C6B0E60>]}


============================== 14:32:30.191240 | 78e51137-7823-4fd1-ad73-59ae32cad373 ==============================
[0m14:32:30.191240 [info ] [MainThread]: Running with dbt=1.11.11
[0m14:32:30.192241 [debug] [MainThread]: running dbt with arguments {'static_parser': 'True', 'no_print': 'None', 'version_check': 'True', 'target_path': 'None', 'warn_error_options': 'WarnErrorOptionsV2(error=[], warn=[], silence=[])', 'printer_width': '80', 'write_json': 'True', 'introspect': 'True', 'log_cache_events': 'False', 'empty': 'None', 'cache_selected_only': 'False', 'log_format': 'default', 'debug': 'False', 'fail_fast': 'False', 'partial_parse': 'True', 'send_anonymous_usage_stats': 'True', 'quiet': 'False', 'warn_error': 'None', 'profiles_dir': 'C:\\Users\\daiko\\.dbt', 'use_colors': 'True', 'indirect_selection': 'eager', 'invocation_command': 'dbt debug', 'use_experimental_parser': 'False', 'log_path': 'C:\\Users\\daiko\\My_Projects\\GITHUB_projects\\DBT\\DBT_projects_tutorials\\stock-portfolio-tracker-analytics-dbt\\logs'}
[0m14:32:30.209240 [info ] [MainThread]: dbt version: 1.11.11
[0m14:32:30.210350 [info ] [MainThread]: python version: 3.12.3
[0m14:32:30.211241 [info ] [MainThread]: python path: C:\Users\daiko\My_Projects\GITHUB_projects\DBT\.env_dbt\Scripts\python.exe
[0m14:32:30.212245 [info ] [MainThread]: os info: Windows-10-10.0.19045-SP0
[0m14:32:30.605237 [debug] [MainThread]: Snowflake adapter: Setting snowflake.connector to ERROR (file logging only)
[0m14:32:30.605237 [debug] [MainThread]: Snowflake adapter: Setting botocore to ERROR (file logging only)
[0m14:32:30.606236 [debug] [MainThread]: Snowflake adapter: Setting boto3 to ERROR (file logging only)
[0m14:32:30.731282 [info ] [MainThread]: Using profiles dir at C:\Users\daiko\.dbt
[0m14:32:30.732202 [info ] [MainThread]: Using profiles.yml file at C:\Users\daiko\.dbt\profiles.yml
[0m14:32:30.734267 [info ] [MainThread]: Using dbt_project.yml file at C:\Users\daiko\My_Projects\GITHUB_projects\DBT\DBT_projects_tutorials\stock-portfolio-tracker-analytics-dbt\dbt_project.yml
[0m14:32:30.734856 [info ] [MainThread]: adapter type: snowflake
[0m14:32:30.735940 [info ] [MainThread]: adapter version: 1.11.5
[0m14:32:30.860949 [info ] [MainThread]: Configuration:
[0m14:32:30.862882 [info ] [MainThread]:   profiles.yml file [[32mOK found and valid[0m]
[0m14:32:30.863895 [info ] [MainThread]:   dbt_project.yml file [[32mOK found and valid[0m]
[0m14:32:30.864920 [info ] [MainThread]: Required dependencies:
[0m14:32:30.865985 [debug] [MainThread]: Executing "git --help"
[0m14:32:30.904863 [debug] [MainThread]: STDOUT: "b"usage: git [-v | --version] [-h | --help] [-C <path>] [-c <name>=<value>]\n           [--exec-path[=<path>]] [--html-path] [--man-path] [--info-path]\n           [-p | --paginate | -P | --no-pager] [--no-replace-objects] [--no-lazy-fetch]\n           [--no-optional-locks] [--no-advice] [--bare] [--git-dir=<path>]\n           [--work-tree=<path>] [--namespace=<name>] [--config-env=<name>=<envvar>]\n           <command> [<args>]\n\nThese are common Git commands used in various situations:\n\nstart a working area (see also: git help tutorial)\n   clone      Clone a repository into a new directory\n   init       Create an empty Git repository or reinitialize an existing one\n\nwork on the current change (see also: git help everyday)\n   add        Add file contents to the index\n   mv         Move or rename a file, a directory, or a symlink\n   restore    Restore working tree files\n   rm         Remove files from the working tree and from the index\n\nexamine the history and state (see also: git help revisions)\n   bisect     Use binary search to find the commit that introduced a bug\n   diff       Show changes between commits, commit and working tree, etc\n   grep       Print lines matching a pattern\n   log        Show commit logs\n   show       Show various types of objects\n   status     Show the working tree status\n\ngrow, mark and tweak your common history\n   backfill   Download missing objects in a partial clone\n   branch     List, create, or delete branches\n   commit     Record changes to the repository\n   merge      Join two or more development histories together\n   rebase     Reapply commits on top of another base tip\n   reset      Reset current HEAD to the specified state\n   switch     Switch branches\n   tag        Create, list, delete or verify a tag object signed with GPG\n\ncollaborate (see also: git help workflows)\n   fetch      Download objects and refs from another repository\n   pull       Fetch from and integrate with another repository or a local branch\n   push       Update remote refs along with associated objects\n\n'git help -a' and 'git help -g' list available subcommands and some\nconcept guides. See 'git help <command>' or 'git help <concept>'\nto read about a specific subcommand or concept.\nSee 'git help git' for an overview of the system.\n""
[0m14:32:30.905863 [debug] [MainThread]: STDERR: "b''"
[0m14:32:30.906931 [info ] [MainThread]:  - git [[32mOK found[0m]

[0m14:32:30.907914 [info ] [MainThread]: Connection:
[0m14:32:30.908931 [info ] [MainThread]:   account: HJ34452
[0m14:32:30.910860 [info ] [MainThread]:   user: SAMSNOWLIMBU004
[0m14:32:30.911908 [info ] [MainThread]:   database: PORTFOLIO_TRACKER
[0m14:32:30.912861 [info ] [MainThread]:   warehouse: COMPUTE_WH
[0m14:32:30.913862 [info ] [MainThread]:   role: DB_EXECUTOR_ROLE
[0m14:32:30.914942 [info ] [MainThread]:   schema: DBO
[0m14:32:30.915907 [info ] [MainThread]:   authenticator: externalbrowser
[0m14:32:30.916961 [info ] [MainThread]:   oauth_client_id: None
[0m14:32:30.917862 [info ] [MainThread]:   query_tag: None
[0m14:32:30.918862 [info ] [MainThread]:   client_session_keep_alive: False
[0m14:32:30.919862 [info ] [MainThread]:   host: None
[0m14:32:30.920872 [info ] [MainThread]:   port: None
[0m14:32:30.921939 [info ] [MainThread]:   proxy_host: None
[0m14:32:30.922861 [info ] [MainThread]:   proxy_port: None
[0m14:32:30.922861 [info ] [MainThread]:   protocol: None
[0m14:32:30.925101 [info ] [MainThread]:   connect_retries: 1
[0m14:32:30.926864 [info ] [MainThread]:   connect_timeout: None
[0m14:32:30.927900 [info ] [MainThread]:   retry_on_database_errors: False
[0m14:32:30.928975 [info ] [MainThread]:   retry_all: False
[0m14:32:30.929862 [info ] [MainThread]:   insecure_mode: False
[0m14:32:30.931859 [info ] [MainThread]:   reuse_connections: True
[0m14:32:30.932864 [info ] [MainThread]:   s3_stage_vpce_dns_name: None
[0m14:32:30.934014 [info ] [MainThread]:   platform_detection_timeout_seconds: 0.0
[0m14:32:30.935860 [info ] [MainThread]: Registered adapter: snowflake=1.11.5
[0m14:32:31.319936 [debug] [MainThread]: Acquiring new snowflake connection 'debug'
[0m14:32:31.392856 [debug] [MainThread]: Using snowflake connection "debug"
[0m14:32:31.393856 [debug] [MainThread]: On debug: select 1 as id
[0m14:32:31.393856 [debug] [MainThread]: Opening a new connection, currently in state init
[0m14:32:31.888543 [debug] [MainThread]: Snowflake adapter: Error running SQL: select 1 as id
[0m14:32:31.890542 [debug] [MainThread]: Snowflake adapter: Rolling back transaction.
[0m14:32:31.893576 [info ] [MainThread]:   Connection test: [[31mERROR[0m]

[0m14:32:31.894542 [info ] [MainThread]: [31m1 check failed:[0m
[0m14:32:31.896542 [info ] [MainThread]: dbt was unable to connect to the specified database.
The database returned the following error:

  >Database Error
  290404 (08001): 404 Not Found: post HJ34452.snowflakecomputing.com:443/session/authenticator-request

Check your database credentials and try again. For more information, visit:
https://docs.getdbt.com/docs/configure-your-profile


[0m14:32:31.898540 [debug] [MainThread]: Command `dbt debug` failed at 14:32:31.898540 after 1.90 seconds
[0m14:32:31.899798 [debug] [MainThread]: Connection 'debug' was left open.
[0m14:32:31.900540 [debug] [MainThread]: On debug: No close available on handle
[0m14:32:31.901538 [debug] [MainThread]: Sending event: {'category': 'dbt', 'action': 'invocation', 'label': 'end', 'context': [<snowplow_tracker.self_describing_json.SelfDescribingJson object at 0x000001FA6C6FE720>, <snowplow_tracker.self_describing_json.SelfDescribingJson object at 0x000001FA6F2D2DB0>, <snowplow_tracker.self_describing_json.SelfDescribingJson object at 0x000001FA6C755FD0>]}
[0m14:32:31.902540 [debug] [MainThread]: Flushing usage events
[0m14:32:32.685375 [debug] [MainThread]: An error was encountered while trying to flush usage events
[0m14:33:08.147208 [debug] [MainThread]: Sending event: {'category': 'dbt', 'action': 'invocation', 'label': 'start', 'context': [<snowplow_tracker.self_describing_json.SelfDescribingJson object at 0x0000020E7B18F290>, <snowplow_tracker.self_describing_json.SelfDescribingJson object at 0x0000020E78C76B10>, <snowplow_tracker.self_describing_json.SelfDescribingJson object at 0x0000020E7B12A0C0>]}


============================== 14:33:08.153201 | e02b79e5-cdcd-4d44-9b72-b4daabc641d3 ==============================
[0m14:33:08.153201 [info ] [MainThread]: Running with dbt=1.11.11
[0m14:33:08.155131 [debug] [MainThread]: running dbt with arguments {'version_check': 'True', 'no_print': 'None', 'static_parser': 'True', 'target_path': 'None', 'warn_error_options': 'WarnErrorOptionsV2(error=[], warn=[], silence=[])', 'printer_width': '80', 'write_json': 'True', 'empty': 'None', 'log_cache_events': 'False', 'introspect': 'True', 'cache_selected_only': 'False', 'log_format': 'default', 'debug': 'False', 'fail_fast': 'False', 'profiles_dir': 'C:\\Users\\daiko\\.dbt', 'send_anonymous_usage_stats': 'True', 'quiet': 'False', 'warn_error': 'None', 'partial_parse': 'True', 'use_colors': 'True', 'indirect_selection': 'eager', 'invocation_command': 'dbt debug', 'use_experimental_parser': 'False', 'log_path': 'C:\\Users\\daiko\\My_Projects\\GITHUB_projects\\DBT\\DBT_projects_tutorials\\stock-portfolio-tracker-analytics-dbt\\logs'}
[0m14:33:08.176131 [info ] [MainThread]: dbt version: 1.11.11
[0m14:33:08.178162 [info ] [MainThread]: python version: 3.12.3
[0m14:33:08.178162 [info ] [MainThread]: python path: C:\Users\daiko\My_Projects\GITHUB_projects\DBT\.env_dbt\Scripts\python.exe
[0m14:33:08.179321 [info ] [MainThread]: os info: Windows-10-10.0.19045-SP0
[0m14:33:08.554313 [debug] [MainThread]: Snowflake adapter: Setting snowflake.connector to ERROR (file logging only)
[0m14:33:08.555309 [debug] [MainThread]: Snowflake adapter: Setting botocore to ERROR (file logging only)
[0m14:33:08.556233 [debug] [MainThread]: Snowflake adapter: Setting boto3 to ERROR (file logging only)
[0m14:33:08.679313 [info ] [MainThread]: Using profiles dir at C:\Users\daiko\.dbt
[0m14:33:08.680268 [info ] [MainThread]: Using profiles.yml file at C:\Users\daiko\.dbt\profiles.yml
[0m14:33:08.682268 [info ] [MainThread]: Using dbt_project.yml file at C:\Users\daiko\My_Projects\GITHUB_projects\DBT\DBT_projects_tutorials\stock-portfolio-tracker-analytics-dbt\dbt_project.yml
[0m14:33:08.683276 [info ] [MainThread]: adapter type: snowflake
[0m14:33:08.684308 [info ] [MainThread]: adapter version: 1.11.5
[0m14:33:08.804230 [info ] [MainThread]: Configuration:
[0m14:33:08.805228 [info ] [MainThread]:   profiles.yml file [[32mOK found and valid[0m]
[0m14:33:08.806304 [info ] [MainThread]:   dbt_project.yml file [[32mOK found and valid[0m]
[0m14:33:08.807255 [info ] [MainThread]: Required dependencies:
[0m14:33:08.809252 [debug] [MainThread]: Executing "git --help"
[0m14:33:08.846635 [debug] [MainThread]: STDOUT: "b"usage: git [-v | --version] [-h | --help] [-C <path>] [-c <name>=<value>]\n           [--exec-path[=<path>]] [--html-path] [--man-path] [--info-path]\n           [-p | --paginate | -P | --no-pager] [--no-replace-objects] [--no-lazy-fetch]\n           [--no-optional-locks] [--no-advice] [--bare] [--git-dir=<path>]\n           [--work-tree=<path>] [--namespace=<name>] [--config-env=<name>=<envvar>]\n           <command> [<args>]\n\nThese are common Git commands used in various situations:\n\nstart a working area (see also: git help tutorial)\n   clone      Clone a repository into a new directory\n   init       Create an empty Git repository or reinitialize an existing one\n\nwork on the current change (see also: git help everyday)\n   add        Add file contents to the index\n   mv         Move or rename a file, a directory, or a symlink\n   restore    Restore working tree files\n   rm         Remove files from the working tree and from the index\n\nexamine the history and state (see also: git help revisions)\n   bisect     Use binary search to find the commit that introduced a bug\n   diff       Show changes between commits, commit and working tree, etc\n   grep       Print lines matching a pattern\n   log        Show commit logs\n   show       Show various types of objects\n   status     Show the working tree status\n\ngrow, mark and tweak your common history\n   backfill   Download missing objects in a partial clone\n   branch     List, create, or delete branches\n   commit     Record changes to the repository\n   merge      Join two or more development histories together\n   rebase     Reapply commits on top of another base tip\n   reset      Reset current HEAD to the specified state\n   switch     Switch branches\n   tag        Create, list, delete or verify a tag object signed with GPG\n\ncollaborate (see also: git help workflows)\n   fetch      Download objects and refs from another repository\n   pull       Fetch from and integrate with another repository or a local branch\n   push       Update remote refs along with associated objects\n\n'git help -a' and 'git help -g' list available subcommands and some\nconcept guides. See 'git help <command>' or 'git help <concept>'\nto read about a specific subcommand or concept.\nSee 'git help git' for an overview of the system.\n""
[0m14:33:08.847823 [debug] [MainThread]: STDERR: "b''"
[0m14:33:08.848671 [info ] [MainThread]:  - git [[32mOK found[0m]

[0m14:33:08.849634 [info ] [MainThread]: Connection:
[0m14:33:08.849634 [info ] [MainThread]:   account: LDDEMIG
[0m14:33:08.850918 [info ] [MainThread]:   user: SAMSNOWLIMBU004
[0m14:33:08.851920 [info ] [MainThread]:   database: PORTFOLIO_TRACKER
[0m14:33:08.851920 [info ] [MainThread]:   warehouse: COMPUTE_WH
[0m14:33:08.852921 [info ] [MainThread]:   role: DB_EXECUTOR_ROLE
[0m14:33:08.854034 [info ] [MainThread]:   schema: DBO
[0m14:33:08.854920 [info ] [MainThread]:   authenticator: externalbrowser
[0m14:33:08.855921 [info ] [MainThread]:   oauth_client_id: None
[0m14:33:08.856922 [info ] [MainThread]:   query_tag: None
[0m14:33:08.857922 [info ] [MainThread]:   client_session_keep_alive: False
[0m14:33:08.858631 [info ] [MainThread]:   host: None
[0m14:33:08.859633 [info ] [MainThread]:   port: None
[0m14:33:08.859922 [info ] [MainThread]:   proxy_host: None
[0m14:33:08.860924 [info ] [MainThread]:   proxy_port: None
[0m14:33:08.862098 [info ] [MainThread]:   protocol: None
[0m14:33:08.863432 [info ] [MainThread]:   connect_retries: 1
[0m14:33:08.864926 [info ] [MainThread]:   connect_timeout: None
[0m14:33:08.865926 [info ] [MainThread]:   retry_on_database_errors: False
[0m14:33:08.867927 [info ] [MainThread]:   retry_all: False
[0m14:33:08.869022 [info ] [MainThread]:   insecure_mode: False
[0m14:33:08.870206 [info ] [MainThread]:   reuse_connections: True
[0m14:33:08.870926 [info ] [MainThread]:   s3_stage_vpce_dns_name: None
[0m14:33:08.872934 [info ] [MainThread]:   platform_detection_timeout_seconds: 0.0
[0m14:33:08.875931 [info ] [MainThread]: Registered adapter: snowflake=1.11.5
[0m14:33:09.261082 [debug] [MainThread]: Acquiring new snowflake connection 'debug'
[0m14:33:09.328079 [debug] [MainThread]: Using snowflake connection "debug"
[0m14:33:09.329079 [debug] [MainThread]: On debug: select 1 as id
[0m14:33:09.329079 [debug] [MainThread]: Opening a new connection, currently in state init
[0m14:33:09.808438 [debug] [MainThread]: Snowflake adapter: Error running SQL: select 1 as id
[0m14:33:09.808438 [debug] [MainThread]: Snowflake adapter: Rolling back transaction.
[0m14:33:09.810446 [info ] [MainThread]:   Connection test: [[31mERROR[0m]

[0m14:33:09.811442 [info ] [MainThread]: [31m1 check failed:[0m
[0m14:33:09.812453 [info ] [MainThread]: dbt was unable to connect to the specified database.
The database returned the following error:

  >Database Error
  290404 (08001): 404 Not Found: post LDDEMIG.snowflakecomputing.com:443/session/authenticator-request

Check your database credentials and try again. For more information, visit:
https://docs.getdbt.com/docs/configure-your-profile


[0m14:33:09.814437 [debug] [MainThread]: Command `dbt debug` failed at 14:33:09.814437 after 1.86 seconds
[0m14:33:09.815437 [debug] [MainThread]: Connection 'debug' was left open.
[0m14:33:09.816437 [debug] [MainThread]: On debug: No close available on handle
[0m14:33:09.816437 [debug] [MainThread]: Sending event: {'category': 'dbt', 'action': 'invocation', 'label': 'end', 'context': [<snowplow_tracker.self_describing_json.SelfDescribingJson object at 0x0000020E7B30DD30>, <snowplow_tracker.self_describing_json.SelfDescribingJson object at 0x0000020E7D685AC0>, <snowplow_tracker.self_describing_json.SelfDescribingJson object at 0x0000020E7AA46D80>]}
[0m14:33:09.817437 [debug] [MainThread]: Flushing usage events
[0m14:33:10.527510 [debug] [MainThread]: An error was encountered while trying to flush usage events
[0m14:34:35.662038 [debug] [MainThread]: Sending event: {'category': 'dbt', 'action': 'invocation', 'label': 'start', 'context': [<snowplow_tracker.self_describing_json.SelfDescribingJson object at 0x000001ECEF3DC410>, <snowplow_tracker.self_describing_json.SelfDescribingJson object at 0x000001ECED4D2300>, <snowplow_tracker.self_describing_json.SelfDescribingJson object at 0x000001ECED9E92E0>]}


============================== 14:34:35.669025 | ad9e6818-a60b-4c59-a07c-bf0e89d91c3f ==============================
[0m14:34:35.669025 [info ] [MainThread]: Running with dbt=1.11.11
[0m14:34:35.671001 [debug] [MainThread]: running dbt with arguments {'static_parser': 'True', 'no_print': 'None', 'version_check': 'True', 'target_path': 'None', 'warn_error_options': 'WarnErrorOptionsV2(error=[], warn=[], silence=[])', 'printer_width': '80', 'write_json': 'True', 'empty': 'None', 'log_cache_events': 'False', 'introspect': 'True', 'cache_selected_only': 'False', 'log_format': 'default', 'debug': 'False', 'fail_fast': 'False', 'profiles_dir': 'C:\\Users\\daiko\\.dbt', 'send_anonymous_usage_stats': 'True', 'quiet': 'False', 'warn_error': 'None', 'partial_parse': 'True', 'indirect_selection': 'eager', 'use_colors': 'True', 'invocation_command': 'dbt debug', 'use_experimental_parser': 'False', 'log_path': 'C:\\Users\\daiko\\My_Projects\\GITHUB_projects\\DBT\\DBT_projects_tutorials\\stock-portfolio-tracker-analytics-dbt\\logs'}
[0m14:34:35.689002 [info ] [MainThread]: dbt version: 1.11.11
[0m14:34:35.691007 [info ] [MainThread]: python version: 3.12.3
[0m14:34:35.692097 [info ] [MainThread]: python path: C:\Users\daiko\My_Projects\GITHUB_projects\DBT\.env_dbt\Scripts\python.exe
[0m14:34:35.693010 [info ] [MainThread]: os info: Windows-10-10.0.19045-SP0
[0m14:34:36.123587 [debug] [MainThread]: Snowflake adapter: Setting snowflake.connector to ERROR (file logging only)
[0m14:34:36.125587 [debug] [MainThread]: Snowflake adapter: Setting botocore to ERROR (file logging only)
[0m14:34:36.126587 [debug] [MainThread]: Snowflake adapter: Setting boto3 to ERROR (file logging only)
[0m14:34:36.280864 [info ] [MainThread]: Using profiles dir at C:\Users\daiko\.dbt
[0m14:34:36.281830 [info ] [MainThread]: Using profiles.yml file at C:\Users\daiko\.dbt\profiles.yml
[0m14:34:36.282832 [info ] [MainThread]: Using dbt_project.yml file at C:\Users\daiko\My_Projects\GITHUB_projects\DBT\DBT_projects_tutorials\stock-portfolio-tracker-analytics-dbt\dbt_project.yml
[0m14:34:36.284830 [info ] [MainThread]: adapter type: snowflake
[0m14:34:36.285828 [info ] [MainThread]: adapter version: 1.11.5
[0m14:34:36.440827 [info ] [MainThread]: Configuration:
[0m14:34:36.442828 [info ] [MainThread]:   profiles.yml file [[32mOK found and valid[0m]
[0m14:34:36.442828 [info ] [MainThread]:   dbt_project.yml file [[32mOK found and valid[0m]
[0m14:34:36.443833 [info ] [MainThread]: Required dependencies:
[0m14:34:36.444828 [debug] [MainThread]: Executing "git --help"
[0m14:34:36.477758 [debug] [MainThread]: STDOUT: "b"usage: git [-v | --version] [-h | --help] [-C <path>] [-c <name>=<value>]\n           [--exec-path[=<path>]] [--html-path] [--man-path] [--info-path]\n           [-p | --paginate | -P | --no-pager] [--no-replace-objects] [--no-lazy-fetch]\n           [--no-optional-locks] [--no-advice] [--bare] [--git-dir=<path>]\n           [--work-tree=<path>] [--namespace=<name>] [--config-env=<name>=<envvar>]\n           <command> [<args>]\n\nThese are common Git commands used in various situations:\n\nstart a working area (see also: git help tutorial)\n   clone      Clone a repository into a new directory\n   init       Create an empty Git repository or reinitialize an existing one\n\nwork on the current change (see also: git help everyday)\n   add        Add file contents to the index\n   mv         Move or rename a file, a directory, or a symlink\n   restore    Restore working tree files\n   rm         Remove files from the working tree and from the index\n\nexamine the history and state (see also: git help revisions)\n   bisect     Use binary search to find the commit that introduced a bug\n   diff       Show changes between commits, commit and working tree, etc\n   grep       Print lines matching a pattern\n   log        Show commit logs\n   show       Show various types of objects\n   status     Show the working tree status\n\ngrow, mark and tweak your common history\n   backfill   Download missing objects in a partial clone\n   branch     List, create, or delete branches\n   commit     Record changes to the repository\n   merge      Join two or more development histories together\n   rebase     Reapply commits on top of another base tip\n   reset      Reset current HEAD to the specified state\n   switch     Switch branches\n   tag        Create, list, delete or verify a tag object signed with GPG\n\ncollaborate (see also: git help workflows)\n   fetch      Download objects and refs from another repository\n   pull       Fetch from and integrate with another repository or a local branch\n   push       Update remote refs along with associated objects\n\n'git help -a' and 'git help -g' list available subcommands and some\nconcept guides. See 'git help <command>' or 'git help <concept>'\nto read about a specific subcommand or concept.\nSee 'git help git' for an overview of the system.\n""
[0m14:34:36.478758 [debug] [MainThread]: STDERR: "b''"
[0m14:34:36.478758 [info ] [MainThread]:  - git [[32mOK found[0m]

[0m14:34:36.479760 [info ] [MainThread]: Connection:
[0m14:34:36.480759 [info ] [MainThread]:   account: HW12547
[0m14:34:36.482779 [info ] [MainThread]:   user: SAMSNOWLIMBU004
[0m14:34:36.483764 [info ] [MainThread]:   database: PORTFOLIO_TRACKER
[0m14:34:36.484777 [info ] [MainThread]:   warehouse: COMPUTE_WH
[0m14:34:36.485768 [info ] [MainThread]:   role: DB_EXECUTOR_ROLE
[0m14:34:36.486772 [info ] [MainThread]:   schema: DBO
[0m14:34:36.487769 [info ] [MainThread]:   authenticator: externalbrowser
[0m14:34:36.488770 [info ] [MainThread]:   oauth_client_id: None
[0m14:34:36.489770 [info ] [MainThread]:   query_tag: None
[0m14:34:36.490772 [info ] [MainThread]:   client_session_keep_alive: False
[0m14:34:36.491770 [info ] [MainThread]:   host: None
[0m14:34:36.491770 [info ] [MainThread]:   port: None
[0m14:34:36.492771 [info ] [MainThread]:   proxy_host: None
[0m14:34:36.493767 [info ] [MainThread]:   proxy_port: None
[0m14:34:36.493767 [info ] [MainThread]:   protocol: None
[0m14:34:36.494782 [info ] [MainThread]:   connect_retries: 1
[0m14:34:36.495778 [info ] [MainThread]:   connect_timeout: None
[0m14:34:36.496770 [info ] [MainThread]:   retry_on_database_errors: False
[0m14:34:36.497770 [info ] [MainThread]:   retry_all: False
[0m14:34:36.498769 [info ] [MainThread]:   insecure_mode: False
[0m14:34:36.500880 [info ] [MainThread]:   reuse_connections: True
[0m14:34:36.502771 [info ] [MainThread]:   s3_stage_vpce_dns_name: None
[0m14:34:36.503771 [info ] [MainThread]:   platform_detection_timeout_seconds: 0.0
[0m14:34:36.505777 [info ] [MainThread]: Registered adapter: snowflake=1.11.5
[0m14:34:36.883045 [debug] [MainThread]: Acquiring new snowflake connection 'debug'
[0m14:34:36.961096 [debug] [MainThread]: Using snowflake connection "debug"
[0m14:34:36.961991 [debug] [MainThread]: On debug: select 1 as id
[0m14:34:36.961991 [debug] [MainThread]: Opening a new connection, currently in state init
[0m14:34:37.418244 [debug] [MainThread]: Snowflake adapter: Error running SQL: select 1 as id
[0m14:34:37.418244 [debug] [MainThread]: Snowflake adapter: Rolling back transaction.
[0m14:34:37.420228 [info ] [MainThread]:   Connection test: [[31mERROR[0m]

[0m14:34:37.422227 [info ] [MainThread]: [31m1 check failed:[0m
[0m14:34:37.423228 [info ] [MainThread]: dbt was unable to connect to the specified database.
The database returned the following error:

  >Database Error
  290404 (08001): 404 Not Found: post HW12547.snowflakecomputing.com:443/session/authenticator-request

Check your database credentials and try again. For more information, visit:
https://docs.getdbt.com/docs/configure-your-profile


[0m14:34:37.425308 [debug] [MainThread]: Command `dbt debug` failed at 14:34:37.425308 after 1.94 seconds
[0m14:34:37.425308 [debug] [MainThread]: Connection 'debug' was left open.
[0m14:34:37.426300 [debug] [MainThread]: On debug: No close available on handle
[0m14:34:37.427233 [debug] [MainThread]: Sending event: {'category': 'dbt', 'action': 'invocation', 'label': 'end', 'context': [<snowplow_tracker.self_describing_json.SelfDescribingJson object at 0x000001ECEFF0D610>, <snowplow_tracker.self_describing_json.SelfDescribingJson object at 0x000001ECEFF0F920>, <snowplow_tracker.self_describing_json.SelfDescribingJson object at 0x000001ECEFF0FB60>]}
[0m14:34:37.427233 [debug] [MainThread]: Flushing usage events
[0m14:34:38.226962 [debug] [MainThread]: An error was encountered while trying to flush usage events
[0m14:38:12.485113 [debug] [MainThread]: Sending event: {'category': 'dbt', 'action': 'invocation', 'label': 'start', 'context': [<snowplow_tracker.self_describing_json.SelfDescribingJson object at 0x000002135D2741D0>, <snowplow_tracker.self_describing_json.SelfDescribingJson object at 0x00000213607393A0>, <snowplow_tracker.self_describing_json.SelfDescribingJson object at 0x0000021360842360>]}


============================== 14:38:12.492113 | 48cdbe62-da5e-4c53-95f1-65297920c992 ==============================
[0m14:38:12.492113 [info ] [MainThread]: Running with dbt=1.11.11
[0m14:38:12.494113 [debug] [MainThread]: running dbt with arguments {'static_parser': 'True', 'no_print': 'None', 'version_check': 'True', 'target_path': 'None', 'warn_error_options': 'WarnErrorOptionsV2(error=[], warn=[], silence=[])', 'printer_width': '80', 'write_json': 'True', 'empty': 'None', 'log_cache_events': 'False', 'introspect': 'True', 'cache_selected_only': 'False', 'log_format': 'default', 'debug': 'False', 'fail_fast': 'False', 'partial_parse': 'True', 'send_anonymous_usage_stats': 'True', 'quiet': 'False', 'warn_error': 'None', 'profiles_dir': 'C:\\Users\\daiko\\.dbt', 'invocation_command': 'dbt debug', 'indirect_selection': 'eager', 'use_colors': 'True', 'use_experimental_parser': 'False', 'log_path': 'C:\\Users\\daiko\\My_Projects\\GITHUB_projects\\DBT\\DBT_projects_tutorials\\stock-portfolio-tracker-analytics-dbt\\logs'}
[0m14:38:12.519113 [info ] [MainThread]: dbt version: 1.11.11
[0m14:38:12.521174 [info ] [MainThread]: python version: 3.12.3
[0m14:38:12.523113 [info ] [MainThread]: python path: C:\Users\daiko\My_Projects\GITHUB_projects\DBT\.env_dbt\Scripts\python.exe
[0m14:38:12.524125 [info ] [MainThread]: os info: Windows-10-10.0.19045-SP0
[0m14:38:12.878153 [debug] [MainThread]: Snowflake adapter: Setting snowflake.connector to ERROR (file logging only)
[0m14:38:12.879104 [debug] [MainThread]: Snowflake adapter: Setting botocore to ERROR (file logging only)
[0m14:38:12.880149 [debug] [MainThread]: Snowflake adapter: Setting boto3 to ERROR (file logging only)
[0m14:38:13.006738 [info ] [MainThread]: Using profiles dir at C:\Users\daiko\.dbt
[0m14:38:13.007773 [info ] [MainThread]: Using profiles.yml file at C:\Users\daiko\.dbt\profiles.yml
[0m14:38:13.008837 [info ] [MainThread]: Using dbt_project.yml file at C:\Users\daiko\My_Projects\GITHUB_projects\DBT\DBT_projects_tutorials\stock-portfolio-tracker-analytics-dbt\dbt_project.yml
[0m14:38:13.010849 [info ] [MainThread]: adapter type: snowflake
[0m14:38:13.011749 [info ] [MainThread]: adapter version: 1.11.5
[0m14:38:13.130737 [info ] [MainThread]: Configuration:
[0m14:38:13.131737 [info ] [MainThread]:   profiles.yml file [[32mOK found and valid[0m]
[0m14:38:13.132742 [info ] [MainThread]:   dbt_project.yml file [[32mOK found and valid[0m]
[0m14:38:13.133737 [info ] [MainThread]: Required dependencies:
[0m14:38:13.134737 [debug] [MainThread]: Executing "git --help"
[0m14:38:13.167968 [debug] [MainThread]: STDOUT: "b"usage: git [-v | --version] [-h | --help] [-C <path>] [-c <name>=<value>]\n           [--exec-path[=<path>]] [--html-path] [--man-path] [--info-path]\n           [-p | --paginate | -P | --no-pager] [--no-replace-objects] [--no-lazy-fetch]\n           [--no-optional-locks] [--no-advice] [--bare] [--git-dir=<path>]\n           [--work-tree=<path>] [--namespace=<name>] [--config-env=<name>=<envvar>]\n           <command> [<args>]\n\nThese are common Git commands used in various situations:\n\nstart a working area (see also: git help tutorial)\n   clone      Clone a repository into a new directory\n   init       Create an empty Git repository or reinitialize an existing one\n\nwork on the current change (see also: git help everyday)\n   add        Add file contents to the index\n   mv         Move or rename a file, a directory, or a symlink\n   restore    Restore working tree files\n   rm         Remove files from the working tree and from the index\n\nexamine the history and state (see also: git help revisions)\n   bisect     Use binary search to find the commit that introduced a bug\n   diff       Show changes between commits, commit and working tree, etc\n   grep       Print lines matching a pattern\n   log        Show commit logs\n   show       Show various types of objects\n   status     Show the working tree status\n\ngrow, mark and tweak your common history\n   backfill   Download missing objects in a partial clone\n   branch     List, create, or delete branches\n   commit     Record changes to the repository\n   merge      Join two or more development histories together\n   rebase     Reapply commits on top of another base tip\n   reset      Reset current HEAD to the specified state\n   switch     Switch branches\n   tag        Create, list, delete or verify a tag object signed with GPG\n\ncollaborate (see also: git help workflows)\n   fetch      Download objects and refs from another repository\n   pull       Fetch from and integrate with another repository or a local branch\n   push       Update remote refs along with associated objects\n\n'git help -a' and 'git help -g' list available subcommands and some\nconcept guides. See 'git help <command>' or 'git help <concept>'\nto read about a specific subcommand or concept.\nSee 'git help git' for an overview of the system.\n""
[0m14:38:13.169057 [debug] [MainThread]: STDERR: "b''"
[0m14:38:13.170083 [info ] [MainThread]:  - git [[32mOK found[0m]

[0m14:38:13.170656 [info ] [MainThread]: Connection:
[0m14:38:13.171424 [info ] [MainThread]:   account: HJ34452
[0m14:38:13.172426 [info ] [MainThread]:   user: SAMSNOWLIMBU004
[0m14:38:13.173427 [info ] [MainThread]:   database: PORTFOLIO_TRACKER
[0m14:38:13.174426 [info ] [MainThread]:   warehouse: COMPUTE_WH
[0m14:38:13.175426 [info ] [MainThread]:   role: DB_EXECUTOR_ROLE
[0m14:38:13.176432 [info ] [MainThread]:   schema: DBO
[0m14:38:13.177433 [info ] [MainThread]:   authenticator: externalbrowser
[0m14:38:13.178428 [info ] [MainThread]:   oauth_client_id: None
[0m14:38:13.178958 [info ] [MainThread]:   query_tag: None
[0m14:38:13.179793 [info ] [MainThread]:   client_session_keep_alive: False
[0m14:38:13.180845 [info ] [MainThread]:   host: None
[0m14:38:13.181797 [info ] [MainThread]:   port: None
[0m14:38:13.182795 [info ] [MainThread]:   proxy_host: None
[0m14:38:13.183796 [info ] [MainThread]:   proxy_port: None
[0m14:38:13.184817 [info ] [MainThread]:   protocol: None
[0m14:38:13.185878 [info ] [MainThread]:   connect_retries: 1
[0m14:38:13.186874 [info ] [MainThread]:   connect_timeout: None
[0m14:38:13.188798 [info ] [MainThread]:   retry_on_database_errors: False
[0m14:38:13.189797 [info ] [MainThread]:   retry_all: False
[0m14:38:13.191812 [info ] [MainThread]:   insecure_mode: False
[0m14:38:13.192797 [info ] [MainThread]:   reuse_connections: True
[0m14:38:13.194796 [info ] [MainThread]:   s3_stage_vpce_dns_name: None
[0m14:38:13.195797 [info ] [MainThread]:   platform_detection_timeout_seconds: 0.0
[0m14:38:13.197843 [info ] [MainThread]: Registered adapter: snowflake=1.11.5
[0m14:38:13.595875 [debug] [MainThread]: Acquiring new snowflake connection 'debug'
[0m14:38:13.664871 [debug] [MainThread]: Using snowflake connection "debug"
[0m14:38:13.666795 [debug] [MainThread]: On debug: select 1 as id
[0m14:38:13.667960 [debug] [MainThread]: Opening a new connection, currently in state init
[0m14:38:15.131691 [debug] [MainThread]: Snowflake adapter: Error running SQL: select 1 as id
[0m14:38:15.132768 [debug] [MainThread]: Snowflake adapter: Rolling back transaction.
[0m14:38:15.136688 [info ] [MainThread]:   Connection test: [[31mERROR[0m]

[0m14:38:15.138750 [info ] [MainThread]: [31m1 check failed:[0m
[0m14:38:15.139993 [info ] [MainThread]: dbt was unable to connect to the specified database.
The database returned the following error:

  >Database Error
  290404 (08001): 404 Not Found: post HJ34452.snowflakecomputing.com:443/session/authenticator-request

Check your database credentials and try again. For more information, visit:
https://docs.getdbt.com/docs/configure-your-profile


[0m14:38:15.144048 [debug] [MainThread]: Command `dbt debug` failed at 14:38:15.143087 after 2.86 seconds
[0m14:38:15.145012 [debug] [MainThread]: Connection 'debug' was left open.
[0m14:38:15.146087 [debug] [MainThread]: On debug: No close available on handle
[0m14:38:15.147084 [debug] [MainThread]: Sending event: {'category': 'dbt', 'action': 'invocation', 'label': 'end', 'context': [<snowplow_tracker.self_describing_json.SelfDescribingJson object at 0x00000213606CC260>, <snowplow_tracker.self_describing_json.SelfDescribingJson object at 0x0000021363382DB0>, <snowplow_tracker.self_describing_json.SelfDescribingJson object at 0x000002135FE09E20>]}
[0m14:38:15.149100 [debug] [MainThread]: Flushing usage events
[0m14:38:16.062374 [debug] [MainThread]: An error was encountered while trying to flush usage events
[0m16:00:35.312678 [debug] [MainThread]: Sending event: {'category': 'dbt', 'action': 'invocation', 'label': 'start', 'context': [<snowplow_tracker.self_describing_json.SelfDescribingJson object at 0x000001A28FB0A450>, <snowplow_tracker.self_describing_json.SelfDescribingJson object at 0x000001A292AEF680>, <snowplow_tracker.self_describing_json.SelfDescribingJson object at 0x000001A292AECF50>]}


============================== 16:00:35.321275 | 3e0c6545-ff25-4613-bb6f-fcf4bce60b16 ==============================
[0m16:00:35.321275 [info ] [MainThread]: Running with dbt=1.11.11
[0m16:00:35.322343 [debug] [MainThread]: running dbt with arguments {'static_parser': 'True', 'no_print': 'None', 'version_check': 'True', 'target_path': 'None', 'warn_error_options': 'WarnErrorOptionsV2(error=[], warn=[], silence=[])', 'printer_width': '80', 'write_json': 'True', 'introspect': 'True', 'log_cache_events': 'False', 'empty': 'None', 'cache_selected_only': 'False', 'fail_fast': 'False', 'debug': 'False', 'log_format': 'default', 'partial_parse': 'True', 'send_anonymous_usage_stats': 'True', 'quiet': 'False', 'warn_error': 'None', 'profiles_dir': 'C:\\Users\\daiko\\.dbt', 'use_colors': 'True', 'invocation_command': 'dbt init stock-portfolio-tracker', 'indirect_selection': 'eager', 'use_experimental_parser': 'False', 'log_path': 'C:\\Users\\daiko\\My_Projects\\GITHUB_projects\\DBT\\DBT_projects_tutorials\\stock-portfolio-tracker-analytics-dbt\\logs'}
[0m16:00:35.355528 [info ] [MainThread]: Setting up your profile.
[0m16:00:40.645799 [debug] [MainThread]: Snowflake adapter: Setting snowflake.connector to ERROR (file logging only)
[0m16:00:40.646800 [debug] [MainThread]: Snowflake adapter: Setting botocore to ERROR (file logging only)
[0m16:00:40.646800 [debug] [MainThread]: Snowflake adapter: Setting boto3 to ERROR (file logging only)
[0m16:01:48.810256 [info ] [MainThread]: Profile portfolio_tracker written to C:\Users\daiko\.dbt\profiles.yml using target's profile_template.yml and your supplied values. Run 'dbt debug' to validate the connection.
[0m16:01:48.815101 [debug] [MainThread]: Command `dbt init` succeeded at 16:01:48.814435 after 73.69 seconds
[0m16:01:48.817170 [debug] [MainThread]: Sending event: {'category': 'dbt', 'action': 'invocation', 'label': 'end', 'context': [<snowplow_tracker.self_describing_json.SelfDescribingJson object at 0x000001A29340B4A0>, <snowplow_tracker.self_describing_json.SelfDescribingJson object at 0x000001A295AF14F0>, <snowplow_tracker.self_describing_json.SelfDescribingJson object at 0x000001A295BC2180>]}
[0m16:01:48.818210 [debug] [MainThread]: Flushing usage events
[0m16:01:49.631209 [debug] [MainThread]: An error was encountered while trying to flush usage events
[0m16:02:09.846955 [debug] [MainThread]: Sending event: {'category': 'dbt', 'action': 'invocation', 'label': 'start', 'context': [<snowplow_tracker.self_describing_json.SelfDescribingJson object at 0x00000163C4960560>, <snowplow_tracker.self_describing_json.SelfDescribingJson object at 0x00000163C2090380>, <snowplow_tracker.self_describing_json.SelfDescribingJson object at 0x00000163C44A30B0>]}


============================== 16:02:09.853030 | d501c68e-73f8-4564-9c5d-1154e2343794 ==============================
[0m16:02:09.853030 [info ] [MainThread]: Running with dbt=1.11.11
[0m16:02:09.854958 [debug] [MainThread]: running dbt with arguments {'version_check': 'True', 'no_print': 'None', 'static_parser': 'True', 'warn_error_options': 'WarnErrorOptionsV2(error=[], warn=[], silence=[])', 'target_path': 'None', 'printer_width': '80', 'write_json': 'True', 'empty': 'None', 'log_cache_events': 'False', 'introspect': 'True', 'cache_selected_only': 'False', 'fail_fast': 'False', 'debug': 'False', 'log_format': 'default', 'partial_parse': 'True', 'send_anonymous_usage_stats': 'True', 'quiet': 'False', 'warn_error': 'None', 'profiles_dir': 'C:\\Users\\daiko\\.dbt', 'use_colors': 'True', 'indirect_selection': 'eager', 'invocation_command': 'dbt debug', 'use_experimental_parser': 'False', 'log_path': 'C:\\Users\\daiko\\My_Projects\\GITHUB_projects\\DBT\\DBT_projects_tutorials\\stock-portfolio-tracker-analytics-dbt\\logs'}
[0m16:02:09.881538 [info ] [MainThread]: dbt version: 1.11.11
[0m16:02:09.882996 [info ] [MainThread]: python version: 3.12.3
[0m16:02:09.884959 [info ] [MainThread]: python path: C:\Users\daiko\My_Projects\GITHUB_projects\DBT\.env_dbt\Scripts\python.exe
[0m16:02:09.885958 [info ] [MainThread]: os info: Windows-10-10.0.19045-SP0
[0m16:02:10.245060 [debug] [MainThread]: Snowflake adapter: Setting snowflake.connector to ERROR (file logging only)
[0m16:02:10.245060 [debug] [MainThread]: Snowflake adapter: Setting botocore to ERROR (file logging only)
[0m16:02:10.246029 [debug] [MainThread]: Snowflake adapter: Setting boto3 to ERROR (file logging only)
[0m16:02:10.371002 [info ] [MainThread]: Using profiles dir at C:\Users\daiko\.dbt
[0m16:02:10.372039 [info ] [MainThread]: Using profiles.yml file at C:\Users\daiko\.dbt\profiles.yml
[0m16:02:10.373043 [info ] [MainThread]: Using dbt_project.yml file at C:\Users\daiko\My_Projects\GITHUB_projects\DBT\DBT_projects_tutorials\stock-portfolio-tracker-analytics-dbt\dbt_project.yml
[0m16:02:10.375004 [info ] [MainThread]: adapter type: snowflake
[0m16:02:10.376228 [info ] [MainThread]: adapter version: 1.11.5
[0m16:02:10.507236 [info ] [MainThread]: Configuration:
[0m16:02:10.508070 [info ] [MainThread]:   profiles.yml file [[32mOK found and valid[0m]
[0m16:02:10.509118 [info ] [MainThread]:   dbt_project.yml file [[32mOK found and valid[0m]
[0m16:02:10.510125 [info ] [MainThread]: Required dependencies:
[0m16:02:10.511186 [debug] [MainThread]: Executing "git --help"
[0m16:02:10.547444 [debug] [MainThread]: STDOUT: "b"usage: git [-v | --version] [-h | --help] [-C <path>] [-c <name>=<value>]\n           [--exec-path[=<path>]] [--html-path] [--man-path] [--info-path]\n           [-p | --paginate | -P | --no-pager] [--no-replace-objects] [--no-lazy-fetch]\n           [--no-optional-locks] [--no-advice] [--bare] [--git-dir=<path>]\n           [--work-tree=<path>] [--namespace=<name>] [--config-env=<name>=<envvar>]\n           <command> [<args>]\n\nThese are common Git commands used in various situations:\n\nstart a working area (see also: git help tutorial)\n   clone      Clone a repository into a new directory\n   init       Create an empty Git repository or reinitialize an existing one\n\nwork on the current change (see also: git help everyday)\n   add        Add file contents to the index\n   mv         Move or rename a file, a directory, or a symlink\n   restore    Restore working tree files\n   rm         Remove files from the working tree and from the index\n\nexamine the history and state (see also: git help revisions)\n   bisect     Use binary search to find the commit that introduced a bug\n   diff       Show changes between commits, commit and working tree, etc\n   grep       Print lines matching a pattern\n   log        Show commit logs\n   show       Show various types of objects\n   status     Show the working tree status\n\ngrow, mark and tweak your common history\n   backfill   Download missing objects in a partial clone\n   branch     List, create, or delete branches\n   commit     Record changes to the repository\n   merge      Join two or more development histories together\n   rebase     Reapply commits on top of another base tip\n   reset      Reset current HEAD to the specified state\n   switch     Switch branches\n   tag        Create, list, delete or verify a tag object signed with GPG\n\ncollaborate (see also: git help workflows)\n   fetch      Download objects and refs from another repository\n   pull       Fetch from and integrate with another repository or a local branch\n   push       Update remote refs along with associated objects\n\n'git help -a' and 'git help -g' list available subcommands and some\nconcept guides. See 'git help <command>' or 'git help <concept>'\nto read about a specific subcommand or concept.\nSee 'git help git' for an overview of the system.\n""
[0m16:02:10.548456 [debug] [MainThread]: STDERR: "b''"
[0m16:02:10.548456 [info ] [MainThread]:  - git [[32mOK found[0m]

[0m16:02:10.549820 [info ] [MainThread]: Connection:
[0m16:02:10.550824 [info ] [MainThread]:   account: HJ34452
[0m16:02:10.551826 [info ] [MainThread]:   user: SAMSNOWLIMBU004
[0m16:02:10.553895 [info ] [MainThread]:   database: PORTFOLIO_TRACKER
[0m16:02:10.554824 [info ] [MainThread]:   warehouse: COMPUTE_WH
[0m16:02:10.555838 [info ] [MainThread]:   role: DB_EXECUTOR_ROLE
[0m16:02:10.556823 [info ] [MainThread]:   schema: DBO
[0m16:02:10.557825 [info ] [MainThread]:   authenticator: externalbrowser
[0m16:02:10.558903 [info ] [MainThread]:   oauth_client_id: None
[0m16:02:10.559824 [info ] [MainThread]:   query_tag: None
[0m16:02:10.561822 [info ] [MainThread]:   client_session_keep_alive: False
[0m16:02:10.562823 [info ] [MainThread]:   host: None
[0m16:02:10.563822 [info ] [MainThread]:   port: None
[0m16:02:10.564824 [info ] [MainThread]:   proxy_host: None
[0m16:02:10.565821 [info ] [MainThread]:   proxy_port: None
[0m16:02:10.566823 [info ] [MainThread]:   protocol: None
[0m16:02:10.568824 [info ] [MainThread]:   connect_retries: 1
[0m16:02:10.570825 [info ] [MainThread]:   connect_timeout: None
[0m16:02:10.571822 [info ] [MainThread]:   retry_on_database_errors: False
[0m16:02:10.572822 [info ] [MainThread]:   retry_all: False
[0m16:02:10.573823 [info ] [MainThread]:   insecure_mode: False
[0m16:02:10.574845 [info ] [MainThread]:   reuse_connections: True
[0m16:02:10.576338 [info ] [MainThread]:   s3_stage_vpce_dns_name: None
[0m16:02:10.578344 [info ] [MainThread]:   platform_detection_timeout_seconds: 0.0
[0m16:02:10.580342 [info ] [MainThread]: Registered adapter: snowflake=1.11.5
[0m16:02:11.027277 [debug] [MainThread]: Acquiring new snowflake connection 'debug'
[0m16:02:11.111277 [debug] [MainThread]: Using snowflake connection "debug"
[0m16:02:11.113279 [debug] [MainThread]: On debug: select 1 as id
[0m16:02:11.113279 [debug] [MainThread]: Opening a new connection, currently in state init
[0m16:02:11.631937 [debug] [MainThread]: Snowflake adapter: Error running SQL: select 1 as id
[0m16:02:11.633936 [debug] [MainThread]: Snowflake adapter: Rolling back transaction.
[0m16:02:11.636936 [info ] [MainThread]:   Connection test: [[31mERROR[0m]

[0m16:02:11.638935 [info ] [MainThread]: [31m1 check failed:[0m
[0m16:02:11.640054 [info ] [MainThread]: dbt was unable to connect to the specified database.
The database returned the following error:

  >Database Error
  290404 (08001): 404 Not Found: post HJ34452.snowflakecomputing.com:443/session/authenticator-request

Check your database credentials and try again. For more information, visit:
https://docs.getdbt.com/docs/configure-your-profile


[0m16:02:11.642151 [debug] [MainThread]: Command `dbt debug` failed at 16:02:11.642151 after 1.99 seconds
[0m16:02:11.643147 [debug] [MainThread]: Connection 'debug' was left open.
[0m16:02:11.645137 [debug] [MainThread]: On debug: No close available on handle
[0m16:02:11.646152 [debug] [MainThread]: Sending event: {'category': 'dbt', 'action': 'invocation', 'label': 'end', 'context': [<snowplow_tracker.self_describing_json.SelfDescribingJson object at 0x00000163C42E9820>, <snowplow_tracker.self_describing_json.SelfDescribingJson object at 0x00000163C4742BA0>, <snowplow_tracker.self_describing_json.SelfDescribingJson object at 0x00000163C49CFBC0>]}
[0m16:02:11.647064 [debug] [MainThread]: Flushing usage events
[0m16:02:12.391313 [debug] [MainThread]: An error was encountered while trying to flush usage events
[0m16:03:48.614351 [debug] [MainThread]: Sending event: {'category': 'dbt', 'action': 'invocation', 'label': 'start', 'context': [<snowplow_tracker.self_describing_json.SelfDescribingJson object at 0x000001D0A0285F70>, <snowplow_tracker.self_describing_json.SelfDescribingJson object at 0x000001D09CCFE1B0>, <snowplow_tracker.self_describing_json.SelfDescribingJson object at 0x000001D09DEF7F80>]}


============================== 16:03:48.620355 | e2ddc9fd-2736-4163-b94d-d2cf1560f936 ==============================
[0m16:03:48.620355 [info ] [MainThread]: Running with dbt=1.11.11
[0m16:03:48.622351 [debug] [MainThread]: running dbt with arguments {'version_check': 'True', 'no_print': 'None', 'static_parser': 'True', 'target_path': 'None', 'warn_error_options': 'WarnErrorOptionsV2(error=[], warn=[], silence=[])', 'printer_width': '80', 'write_json': 'True', 'introspect': 'True', 'log_cache_events': 'False', 'empty': 'None', 'cache_selected_only': 'False', 'fail_fast': 'False', 'debug': 'False', 'log_format': 'default', 'partial_parse': 'True', 'send_anonymous_usage_stats': 'True', 'quiet': 'False', 'warn_error': 'None', 'profiles_dir': 'C:\\Users\\daiko\\.dbt', 'invocation_command': 'dbt debug', 'indirect_selection': 'eager', 'use_colors': 'True', 'use_experimental_parser': 'False', 'log_path': 'C:\\Users\\daiko\\My_Projects\\GITHUB_projects\\DBT\\DBT_projects_tutorials\\stock-portfolio-tracker-analytics-dbt\\logs'}
[0m16:03:48.640360 [info ] [MainThread]: dbt version: 1.11.11
[0m16:03:48.642356 [info ] [MainThread]: python version: 3.12.3
[0m16:03:48.643354 [info ] [MainThread]: python path: C:\Users\daiko\My_Projects\GITHUB_projects\DBT\.env_dbt\Scripts\python.exe
[0m16:03:48.644353 [info ] [MainThread]: os info: Windows-10-10.0.19045-SP0
[0m16:03:49.001179 [debug] [MainThread]: Snowflake adapter: Setting snowflake.connector to ERROR (file logging only)
[0m16:03:49.002179 [debug] [MainThread]: Snowflake adapter: Setting botocore to ERROR (file logging only)
[0m16:03:49.003179 [debug] [MainThread]: Snowflake adapter: Setting boto3 to ERROR (file logging only)
[0m16:03:49.128263 [info ] [MainThread]: Using profiles dir at C:\Users\daiko\.dbt
[0m16:03:49.130178 [info ] [MainThread]: Using profiles.yml file at C:\Users\daiko\.dbt\profiles.yml
[0m16:03:49.130178 [info ] [MainThread]: Using dbt_project.yml file at C:\Users\daiko\My_Projects\GITHUB_projects\DBT\DBT_projects_tutorials\stock-portfolio-tracker-analytics-dbt\dbt_project.yml
[0m16:03:49.132179 [info ] [MainThread]: adapter type: snowflake
[0m16:03:49.133189 [info ] [MainThread]: adapter version: 1.11.5
[0m16:03:49.279178 [info ] [MainThread]: Configuration:
[0m16:03:49.281178 [info ] [MainThread]:   profiles.yml file [[32mOK found and valid[0m]
[0m16:03:49.282177 [info ] [MainThread]:   dbt_project.yml file [[32mOK found and valid[0m]
[0m16:03:49.283177 [info ] [MainThread]: Required dependencies:
[0m16:03:49.283177 [debug] [MainThread]: Executing "git --help"
[0m16:03:49.317176 [debug] [MainThread]: STDOUT: "b"usage: git [-v | --version] [-h | --help] [-C <path>] [-c <name>=<value>]\n           [--exec-path[=<path>]] [--html-path] [--man-path] [--info-path]\n           [-p | --paginate | -P | --no-pager] [--no-replace-objects] [--no-lazy-fetch]\n           [--no-optional-locks] [--no-advice] [--bare] [--git-dir=<path>]\n           [--work-tree=<path>] [--namespace=<name>] [--config-env=<name>=<envvar>]\n           <command> [<args>]\n\nThese are common Git commands used in various situations:\n\nstart a working area (see also: git help tutorial)\n   clone      Clone a repository into a new directory\n   init       Create an empty Git repository or reinitialize an existing one\n\nwork on the current change (see also: git help everyday)\n   add        Add file contents to the index\n   mv         Move or rename a file, a directory, or a symlink\n   restore    Restore working tree files\n   rm         Remove files from the working tree and from the index\n\nexamine the history and state (see also: git help revisions)\n   bisect     Use binary search to find the commit that introduced a bug\n   diff       Show changes between commits, commit and working tree, etc\n   grep       Print lines matching a pattern\n   log        Show commit logs\n   show       Show various types of objects\n   status     Show the working tree status\n\ngrow, mark and tweak your common history\n   backfill   Download missing objects in a partial clone\n   branch     List, create, or delete branches\n   commit     Record changes to the repository\n   merge      Join two or more development histories together\n   rebase     Reapply commits on top of another base tip\n   reset      Reset current HEAD to the specified state\n   switch     Switch branches\n   tag        Create, list, delete or verify a tag object signed with GPG\n\ncollaborate (see also: git help workflows)\n   fetch      Download objects and refs from another repository\n   pull       Fetch from and integrate with another repository or a local branch\n   push       Update remote refs along with associated objects\n\n'git help -a' and 'git help -g' list available subcommands and some\nconcept guides. See 'git help <command>' or 'git help <concept>'\nto read about a specific subcommand or concept.\nSee 'git help git' for an overview of the system.\n""
[0m16:03:49.318185 [debug] [MainThread]: STDERR: "b''"
[0m16:03:49.319282 [info ] [MainThread]:  - git [[32mOK found[0m]

[0m16:03:49.321180 [info ] [MainThread]: Connection:
[0m16:03:49.322177 [info ] [MainThread]:   account: HJ34452.us-west-2
[0m16:03:49.323179 [info ] [MainThread]:   user: SAMSNOWLIMBU004
[0m16:03:49.323179 [info ] [MainThread]:   database: PORTFOLIO_TRACKER
[0m16:03:49.324176 [info ] [MainThread]:   warehouse: COMPUTE_WH
[0m16:03:49.325546 [info ] [MainThread]:   role: DB_EXECUTOR_ROLE
[0m16:03:49.326177 [info ] [MainThread]:   schema: DBO
[0m16:03:49.327177 [info ] [MainThread]:   authenticator: externalbrowser
[0m16:03:49.328178 [info ] [MainThread]:   oauth_client_id: None
[0m16:03:49.329177 [info ] [MainThread]:   query_tag: None
[0m16:03:49.329177 [info ] [MainThread]:   client_session_keep_alive: False
[0m16:03:49.330177 [info ] [MainThread]:   host: None
[0m16:03:49.332177 [info ] [MainThread]:   port: None
[0m16:03:49.333177 [info ] [MainThread]:   proxy_host: None
[0m16:03:49.333678 [info ] [MainThread]:   proxy_port: None
[0m16:03:49.334177 [info ] [MainThread]:   protocol: None
[0m16:03:49.335181 [info ] [MainThread]:   connect_retries: 1
[0m16:03:49.336178 [info ] [MainThread]:   connect_timeout: None
[0m16:03:49.336178 [info ] [MainThread]:   retry_on_database_errors: False
[0m16:03:49.338177 [info ] [MainThread]:   retry_all: False
[0m16:03:49.340179 [info ] [MainThread]:   insecure_mode: False
[0m16:03:49.341178 [info ] [MainThread]:   reuse_connections: True
[0m16:03:49.342177 [info ] [MainThread]:   s3_stage_vpce_dns_name: None
[0m16:03:49.343177 [info ] [MainThread]:   platform_detection_timeout_seconds: 0.0
[0m16:03:49.344177 [info ] [MainThread]: Registered adapter: snowflake=1.11.5
[0m16:03:49.739308 [debug] [MainThread]: Acquiring new snowflake connection 'debug'
[0m16:03:49.815297 [debug] [MainThread]: Using snowflake connection "debug"
[0m16:03:49.816299 [debug] [MainThread]: On debug: select 1 as id
[0m16:03:49.817214 [debug] [MainThread]: Opening a new connection, currently in state init
[0m16:03:50.287118 [debug] [MainThread]: Snowflake adapter: Error running SQL: select 1 as id
[0m16:03:50.289133 [debug] [MainThread]: Snowflake adapter: Rolling back transaction.
[0m16:03:50.292042 [info ] [MainThread]:   Connection test: [[31mERROR[0m]

[0m16:03:50.294043 [info ] [MainThread]: [31m1 check failed:[0m
[0m16:03:50.295072 [info ] [MainThread]: dbt was unable to connect to the specified database.
The database returned the following error:

  >Database Error
  290404 (08001): 404 Not Found: post HJ34452.us-west-2.snowflakecomputing.com:443/session/authenticator-request

Check your database credentials and try again. For more information, visit:
https://docs.getdbt.com/docs/configure-your-profile


[0m16:03:50.297041 [debug] [MainThread]: Command `dbt debug` failed at 16:03:50.297041 after 1.86 seconds
[0m16:03:50.298050 [debug] [MainThread]: Connection 'debug' was left open.
[0m16:03:50.299041 [debug] [MainThread]: On debug: No close available on handle
[0m16:03:50.300042 [debug] [MainThread]: Sending event: {'category': 'dbt', 'action': 'invocation', 'label': 'end', 'context': [<snowplow_tracker.self_describing_json.SelfDescribingJson object at 0x000001D09DEF7F80>, <snowplow_tracker.self_describing_json.SelfDescribingJson object at 0x000001D0A03A7650>, <snowplow_tracker.self_describing_json.SelfDescribingJson object at 0x000001D09E072570>]}
[0m16:03:50.302042 [debug] [MainThread]: Flushing usage events
[0m16:03:51.184282 [debug] [MainThread]: An error was encountered while trying to flush usage events
[0m16:06:12.392117 [debug] [MainThread]: Sending event: {'category': 'dbt', 'action': 'invocation', 'label': 'start', 'context': [<snowplow_tracker.self_describing_json.SelfDescribingJson object at 0x0000022E7D2683E0>, <snowplow_tracker.self_describing_json.SelfDescribingJson object at 0x0000022E7DC66720>, <snowplow_tracker.self_describing_json.SelfDescribingJson object at 0x0000022E7A5316A0>]}


============================== 16:06:12.400206 | 7058bd53-cea6-4bdd-bc19-bda4015d1e3d ==============================
[0m16:06:12.400206 [info ] [MainThread]: Running with dbt=1.11.11
[0m16:06:12.402117 [debug] [MainThread]: running dbt with arguments {'version_check': 'True', 'no_print': 'None', 'static_parser': 'True', 'target_path': 'None', 'warn_error_options': 'WarnErrorOptionsV2(error=[], warn=[], silence=[])', 'printer_width': '80', 'write_json': 'True', 'empty': 'None', 'log_cache_events': 'False', 'introspect': 'True', 'cache_selected_only': 'False', 'log_format': 'default', 'debug': 'False', 'fail_fast': 'False', 'profiles_dir': 'C:\\Users\\daiko\\.dbt', 'send_anonymous_usage_stats': 'True', 'quiet': 'False', 'warn_error': 'None', 'partial_parse': 'True', 'invocation_command': 'dbt debug', 'indirect_selection': 'eager', 'use_colors': 'True', 'use_experimental_parser': 'False', 'log_path': 'C:\\Users\\daiko\\My_Projects\\GITHUB_projects\\DBT\\DBT_projects_tutorials\\stock-portfolio-tracker-analytics-dbt\\logs'}
[0m16:06:12.421115 [info ] [MainThread]: dbt version: 1.11.11
[0m16:06:12.422116 [info ] [MainThread]: python version: 3.12.3
[0m16:06:12.423117 [info ] [MainThread]: python path: C:\Users\daiko\My_Projects\GITHUB_projects\DBT\.env_dbt\Scripts\python.exe
[0m16:06:12.425113 [info ] [MainThread]: os info: Windows-10-10.0.19045-SP0
[0m16:06:12.815698 [debug] [MainThread]: Snowflake adapter: Setting snowflake.connector to ERROR (file logging only)
[0m16:06:12.815698 [debug] [MainThread]: Snowflake adapter: Setting botocore to ERROR (file logging only)
[0m16:06:12.816697 [debug] [MainThread]: Snowflake adapter: Setting boto3 to ERROR (file logging only)
[0m16:06:12.942688 [info ] [MainThread]: Using profiles dir at C:\Users\daiko\.dbt
[0m16:06:12.944715 [info ] [MainThread]: Using profiles.yml file at C:\Users\daiko\.dbt\profiles.yml
[0m16:06:12.945719 [info ] [MainThread]: Using dbt_project.yml file at C:\Users\daiko\My_Projects\GITHUB_projects\DBT\DBT_projects_tutorials\stock-portfolio-tracker-analytics-dbt\dbt_project.yml
[0m16:06:12.947732 [info ] [MainThread]: adapter type: snowflake
[0m16:06:12.948587 [info ] [MainThread]: adapter version: 1.11.5
[0m16:06:13.075699 [info ] [MainThread]: Configuration:
[0m16:06:13.077599 [info ] [MainThread]:   profiles.yml file [[32mOK found and valid[0m]
[0m16:06:13.078592 [info ] [MainThread]:   dbt_project.yml file [[32mOK found and valid[0m]
[0m16:06:13.079592 [info ] [MainThread]: Required dependencies:
[0m16:06:13.080674 [debug] [MainThread]: Executing "git --help"
[0m16:06:13.116856 [debug] [MainThread]: STDOUT: "b"usage: git [-v | --version] [-h | --help] [-C <path>] [-c <name>=<value>]\n           [--exec-path[=<path>]] [--html-path] [--man-path] [--info-path]\n           [-p | --paginate | -P | --no-pager] [--no-replace-objects] [--no-lazy-fetch]\n           [--no-optional-locks] [--no-advice] [--bare] [--git-dir=<path>]\n           [--work-tree=<path>] [--namespace=<name>] [--config-env=<name>=<envvar>]\n           <command> [<args>]\n\nThese are common Git commands used in various situations:\n\nstart a working area (see also: git help tutorial)\n   clone      Clone a repository into a new directory\n   init       Create an empty Git repository or reinitialize an existing one\n\nwork on the current change (see also: git help everyday)\n   add        Add file contents to the index\n   mv         Move or rename a file, a directory, or a symlink\n   restore    Restore working tree files\n   rm         Remove files from the working tree and from the index\n\nexamine the history and state (see also: git help revisions)\n   bisect     Use binary search to find the commit that introduced a bug\n   diff       Show changes between commits, commit and working tree, etc\n   grep       Print lines matching a pattern\n   log        Show commit logs\n   show       Show various types of objects\n   status     Show the working tree status\n\ngrow, mark and tweak your common history\n   backfill   Download missing objects in a partial clone\n   branch     List, create, or delete branches\n   commit     Record changes to the repository\n   merge      Join two or more development histories together\n   rebase     Reapply commits on top of another base tip\n   reset      Reset current HEAD to the specified state\n   switch     Switch branches\n   tag        Create, list, delete or verify a tag object signed with GPG\n\ncollaborate (see also: git help workflows)\n   fetch      Download objects and refs from another repository\n   pull       Fetch from and integrate with another repository or a local branch\n   push       Update remote refs along with associated objects\n\n'git help -a' and 'git help -g' list available subcommands and some\nconcept guides. See 'git help <command>' or 'git help <concept>'\nto read about a specific subcommand or concept.\nSee 'git help git' for an overview of the system.\n""
[0m16:06:13.117707 [debug] [MainThread]: STDERR: "b''"
[0m16:06:13.118703 [info ] [MainThread]:  - git [[32mOK found[0m]

[0m16:06:13.119706 [info ] [MainThread]: Connection:
[0m16:06:13.120487 [info ] [MainThread]:   account: HW12547.us-west-2
[0m16:06:13.121491 [info ] [MainThread]:   user: SAMSNOWLIMBU004
[0m16:06:13.122493 [info ] [MainThread]:   database: PORTFOLIO_TRACKER
[0m16:06:13.123497 [info ] [MainThread]:   warehouse: COMPUTE_WH
[0m16:06:13.124527 [info ] [MainThread]:   role: DB_EXECUTOR_ROLE
[0m16:06:13.126490 [info ] [MainThread]:   schema: DBO
[0m16:06:13.126490 [info ] [MainThread]:   authenticator: externalbrowser
[0m16:06:13.127493 [info ] [MainThread]:   oauth_client_id: None
[0m16:06:13.128493 [info ] [MainThread]:   query_tag: None
[0m16:06:13.129509 [info ] [MainThread]:   client_session_keep_alive: False
[0m16:06:13.131489 [info ] [MainThread]:   host: None
[0m16:06:13.132491 [info ] [MainThread]:   port: None
[0m16:06:13.133490 [info ] [MainThread]:   proxy_host: None
[0m16:06:13.134491 [info ] [MainThread]:   proxy_port: None
[0m16:06:13.135493 [info ] [MainThread]:   protocol: None
[0m16:06:13.136579 [info ] [MainThread]:   connect_retries: 1
[0m16:06:13.138491 [info ] [MainThread]:   connect_timeout: None
[0m16:06:13.139492 [info ] [MainThread]:   retry_on_database_errors: False
[0m16:06:13.141494 [info ] [MainThread]:   retry_all: False
[0m16:06:13.142496 [info ] [MainThread]:   insecure_mode: False
[0m16:06:13.144500 [info ] [MainThread]:   reuse_connections: True
[0m16:06:13.145493 [info ] [MainThread]:   s3_stage_vpce_dns_name: None
[0m16:06:13.146491 [info ] [MainThread]:   platform_detection_timeout_seconds: 0.0
[0m16:06:13.147743 [info ] [MainThread]: Registered adapter: snowflake=1.11.5
[0m16:06:13.528746 [debug] [MainThread]: Acquiring new snowflake connection 'debug'
[0m16:06:13.601824 [debug] [MainThread]: Using snowflake connection "debug"
[0m16:06:13.601824 [debug] [MainThread]: On debug: select 1 as id
[0m16:06:13.602824 [debug] [MainThread]: Opening a new connection, currently in state init
[0m16:06:14.088859 [debug] [MainThread]: Snowflake adapter: Error running SQL: select 1 as id
[0m16:06:14.090852 [debug] [MainThread]: Snowflake adapter: Rolling back transaction.
[0m16:06:14.093867 [info ] [MainThread]:   Connection test: [[31mERROR[0m]

[0m16:06:14.095893 [info ] [MainThread]: [31m1 check failed:[0m
[0m16:06:14.096857 [info ] [MainThread]: dbt was unable to connect to the specified database.
The database returned the following error:

  >Database Error
  290404 (08001): 404 Not Found: post HW12547.us-west-2.snowflakecomputing.com:443/session/authenticator-request

Check your database credentials and try again. For more information, visit:
https://docs.getdbt.com/docs/configure-your-profile


[0m16:06:14.099204 [debug] [MainThread]: Command `dbt debug` failed at 16:06:14.099204 after 1.89 seconds
[0m16:06:14.100204 [debug] [MainThread]: Connection 'debug' was left open.
[0m16:06:14.100204 [debug] [MainThread]: On debug: No close available on handle
[0m16:06:14.101203 [debug] [MainThread]: Sending event: {'category': 'dbt', 'action': 'invocation', 'label': 'end', 'context': [<snowplow_tracker.self_describing_json.SelfDescribingJson object at 0x0000022E7D984260>, <snowplow_tracker.self_describing_json.SelfDescribingJson object at 0x0000022E7F3C8410>, <snowplow_tracker.self_describing_json.SelfDescribingJson object at 0x0000022E7A5316A0>]}
[0m16:06:14.101203 [debug] [MainThread]: Flushing usage events
[0m16:06:14.885258 [debug] [MainThread]: An error was encountered while trying to flush usage events
[0m16:06:31.510929 [debug] [MainThread]: Sending event: {'category': 'dbt', 'action': 'invocation', 'label': 'start', 'context': [<snowplow_tracker.self_describing_json.SelfDescribingJson object at 0x000001C23CB9E1B0>, <snowplow_tracker.self_describing_json.SelfDescribingJson object at 0x000001C23DA3C560>, <snowplow_tracker.self_describing_json.SelfDescribingJson object at 0x000001C23FB66900>]}


============================== 16:06:31.517958 | 4448b673-6400-4d31-ad03-79e1175655b0 ==============================
[0m16:06:31.517958 [info ] [MainThread]: Running with dbt=1.11.11
[0m16:06:31.519924 [debug] [MainThread]: running dbt with arguments {'static_parser': 'True', 'no_print': 'None', 'version_check': 'True', 'target_path': 'None', 'warn_error_options': 'WarnErrorOptionsV2(error=[], warn=[], silence=[])', 'printer_width': '80', 'write_json': 'True', 'introspect': 'True', 'log_cache_events': 'False', 'empty': 'None', 'cache_selected_only': 'False', 'fail_fast': 'False', 'debug': 'False', 'log_format': 'default', 'partial_parse': 'True', 'send_anonymous_usage_stats': 'True', 'quiet': 'False', 'warn_error': 'None', 'profiles_dir': 'C:\\Users\\daiko\\.dbt', 'invocation_command': 'dbt debug', 'indirect_selection': 'eager', 'use_colors': 'True', 'use_experimental_parser': 'False', 'log_path': 'C:\\Users\\daiko\\My_Projects\\GITHUB_projects\\DBT\\DBT_projects_tutorials\\stock-portfolio-tracker-analytics-dbt\\logs'}
[0m16:06:31.536978 [info ] [MainThread]: dbt version: 1.11.11
[0m16:06:31.537992 [info ] [MainThread]: python version: 3.12.3
[0m16:06:31.538939 [info ] [MainThread]: python path: C:\Users\daiko\My_Projects\GITHUB_projects\DBT\.env_dbt\Scripts\python.exe
[0m16:06:31.540884 [info ] [MainThread]: os info: Windows-10-10.0.19045-SP0
[0m16:06:31.888155 [debug] [MainThread]: Snowflake adapter: Setting snowflake.connector to ERROR (file logging only)
[0m16:06:31.889160 [debug] [MainThread]: Snowflake adapter: Setting botocore to ERROR (file logging only)
[0m16:06:31.890143 [debug] [MainThread]: Snowflake adapter: Setting boto3 to ERROR (file logging only)
[0m16:06:32.016137 [info ] [MainThread]: Using profiles dir at C:\Users\daiko\.dbt
[0m16:06:32.017061 [info ] [MainThread]: Using profiles.yml file at C:\Users\daiko\.dbt\profiles.yml
[0m16:06:32.018098 [info ] [MainThread]: Using dbt_project.yml file at C:\Users\daiko\My_Projects\GITHUB_projects\DBT\DBT_projects_tutorials\stock-portfolio-tracker-analytics-dbt\dbt_project.yml
[0m16:06:32.019060 [info ] [MainThread]: adapter type: snowflake
[0m16:06:32.020148 [info ] [MainThread]: adapter version: 1.11.5
[0m16:06:32.149302 [info ] [MainThread]: Configuration:
[0m16:06:32.150097 [info ] [MainThread]:   profiles.yml file [[32mOK found and valid[0m]
[0m16:06:32.151108 [info ] [MainThread]:   dbt_project.yml file [[32mOK found and valid[0m]
[0m16:06:32.152099 [info ] [MainThread]: Required dependencies:
[0m16:06:32.154099 [debug] [MainThread]: Executing "git --help"
[0m16:06:32.194334 [debug] [MainThread]: STDOUT: "b"usage: git [-v | --version] [-h | --help] [-C <path>] [-c <name>=<value>]\n           [--exec-path[=<path>]] [--html-path] [--man-path] [--info-path]\n           [-p | --paginate | -P | --no-pager] [--no-replace-objects] [--no-lazy-fetch]\n           [--no-optional-locks] [--no-advice] [--bare] [--git-dir=<path>]\n           [--work-tree=<path>] [--namespace=<name>] [--config-env=<name>=<envvar>]\n           <command> [<args>]\n\nThese are common Git commands used in various situations:\n\nstart a working area (see also: git help tutorial)\n   clone      Clone a repository into a new directory\n   init       Create an empty Git repository or reinitialize an existing one\n\nwork on the current change (see also: git help everyday)\n   add        Add file contents to the index\n   mv         Move or rename a file, a directory, or a symlink\n   restore    Restore working tree files\n   rm         Remove files from the working tree and from the index\n\nexamine the history and state (see also: git help revisions)\n   bisect     Use binary search to find the commit that introduced a bug\n   diff       Show changes between commits, commit and working tree, etc\n   grep       Print lines matching a pattern\n   log        Show commit logs\n   show       Show various types of objects\n   status     Show the working tree status\n\ngrow, mark and tweak your common history\n   backfill   Download missing objects in a partial clone\n   branch     List, create, or delete branches\n   commit     Record changes to the repository\n   merge      Join two or more development histories together\n   rebase     Reapply commits on top of another base tip\n   reset      Reset current HEAD to the specified state\n   switch     Switch branches\n   tag        Create, list, delete or verify a tag object signed with GPG\n\ncollaborate (see also: git help workflows)\n   fetch      Download objects and refs from another repository\n   pull       Fetch from and integrate with another repository or a local branch\n   push       Update remote refs along with associated objects\n\n'git help -a' and 'git help -g' list available subcommands and some\nconcept guides. See 'git help <command>' or 'git help <concept>'\nto read about a specific subcommand or concept.\nSee 'git help git' for an overview of the system.\n""
[0m16:06:32.195334 [debug] [MainThread]: STDERR: "b''"
[0m16:06:32.196334 [info ] [MainThread]:  - git [[32mOK found[0m]

[0m16:06:32.196334 [info ] [MainThread]: Connection:
[0m16:06:32.197334 [info ] [MainThread]:   account: HW12547.us-east-1
[0m16:06:32.198334 [info ] [MainThread]:   user: SAMSNOWLIMBU004
[0m16:06:32.198334 [info ] [MainThread]:   database: PORTFOLIO_TRACKER
[0m16:06:32.199334 [info ] [MainThread]:   warehouse: COMPUTE_WH
[0m16:06:32.200334 [info ] [MainThread]:   role: DB_EXECUTOR_ROLE
[0m16:06:32.200334 [info ] [MainThread]:   schema: DBO
[0m16:06:32.201334 [info ] [MainThread]:   authenticator: externalbrowser
[0m16:06:32.202335 [info ] [MainThread]:   oauth_client_id: None
[0m16:06:32.203336 [info ] [MainThread]:   query_tag: None
[0m16:06:32.204335 [info ] [MainThread]:   client_session_keep_alive: False
[0m16:06:32.205334 [info ] [MainThread]:   host: None
[0m16:06:32.206335 [info ] [MainThread]:   port: None
[0m16:06:32.207336 [info ] [MainThread]:   proxy_host: None
[0m16:06:32.208430 [info ] [MainThread]:   proxy_port: None
[0m16:06:32.210335 [info ] [MainThread]:   protocol: None
[0m16:06:32.211335 [info ] [MainThread]:   connect_retries: 1
[0m16:06:32.212795 [info ] [MainThread]:   connect_timeout: None
[0m16:06:32.215308 [info ] [MainThread]:   retry_on_database_errors: False
[0m16:06:32.216688 [info ] [MainThread]:   retry_all: False
[0m16:06:32.219515 [info ] [MainThread]:   insecure_mode: False
[0m16:06:32.220308 [info ] [MainThread]:   reuse_connections: True
[0m16:06:32.222423 [info ] [MainThread]:   s3_stage_vpce_dns_name: None
[0m16:06:32.223306 [info ] [MainThread]:   platform_detection_timeout_seconds: 0.0
[0m16:06:32.224307 [info ] [MainThread]: Registered adapter: snowflake=1.11.5
[0m16:06:32.661374 [debug] [MainThread]: Acquiring new snowflake connection 'debug'
[0m16:06:32.743370 [debug] [MainThread]: Using snowflake connection "debug"
[0m16:06:32.743370 [debug] [MainThread]: On debug: select 1 as id
[0m16:06:32.744370 [debug] [MainThread]: Opening a new connection, currently in state init
[0m16:06:33.456048 [debug] [MainThread]: Snowflake adapter: Error running SQL: select 1 as id
[0m16:06:33.458059 [debug] [MainThread]: Snowflake adapter: Rolling back transaction.
[0m16:06:33.461046 [info ] [MainThread]:   Connection test: [[31mERROR[0m]

[0m16:06:33.463055 [info ] [MainThread]: [31m1 check failed:[0m
[0m16:06:33.463969 [info ] [MainThread]: dbt was unable to connect to the specified database.
The database returned the following error:

  >Database Error
  290404 (08001): 404 Not Found: post HW12547.us-east-1.snowflakecomputing.com:443/session/authenticator-request

Check your database credentials and try again. For more information, visit:
https://docs.getdbt.com/docs/configure-your-profile


[0m16:06:33.466050 [debug] [MainThread]: Command `dbt debug` failed at 16:06:33.466050 after 2.14 seconds
[0m16:06:33.467043 [debug] [MainThread]: Connection 'debug' was left open.
[0m16:06:33.468030 [debug] [MainThread]: On debug: No close available on handle
[0m16:06:33.469052 [debug] [MainThread]: Sending event: {'category': 'dbt', 'action': 'invocation', 'label': 'end', 'context': [<snowplow_tracker.self_describing_json.SelfDescribingJson object at 0x000001C240693800>, <snowplow_tracker.self_describing_json.SelfDescribingJson object at 0x000001C24293ADB0>, <snowplow_tracker.self_describing_json.SelfDescribingJson object at 0x000001C23CB566C0>]}
[0m16:06:33.471046 [debug] [MainThread]: Flushing usage events
[0m16:06:34.186275 [debug] [MainThread]: An error was encountered while trying to flush usage events
[0m16:07:55.166902 [debug] [MainThread]: Sending event: {'category': 'dbt', 'action': 'invocation', 'label': 'start', 'context': [<snowplow_tracker.self_describing_json.SelfDescribingJson object at 0x0000022E6C629940>, <snowplow_tracker.self_describing_json.SelfDescribingJson object at 0x0000022E71BF4200>, <snowplow_tracker.self_describing_json.SelfDescribingJson object at 0x0000022E71BF4710>]}


============================== 16:07:55.174919 | 31911322-590f-4d14-86b5-57036f55d9a7 ==============================
[0m16:07:55.174919 [info ] [MainThread]: Running with dbt=1.11.11
[0m16:07:55.175969 [debug] [MainThread]: running dbt with arguments {'version_check': 'True', 'no_print': 'None', 'static_parser': 'True', 'warn_error_options': 'WarnErrorOptionsV2(error=[], warn=[], silence=[])', 'target_path': 'None', 'printer_width': '80', 'write_json': 'True', 'empty': 'None', 'log_cache_events': 'False', 'introspect': 'True', 'cache_selected_only': 'False', 'fail_fast': 'False', 'debug': 'False', 'log_format': 'default', 'profiles_dir': 'C:\\Users\\daiko\\.dbt', 'send_anonymous_usage_stats': 'True', 'quiet': 'False', 'warn_error': 'None', 'partial_parse': 'True', 'invocation_command': 'dbt debug', 'use_colors': 'True', 'indirect_selection': 'eager', 'use_experimental_parser': 'False', 'log_path': 'C:\\Users\\daiko\\My_Projects\\GITHUB_projects\\DBT\\DBT_projects_tutorials\\stock-portfolio-tracker-analytics-dbt\\logs'}
[0m16:07:55.194902 [info ] [MainThread]: dbt version: 1.11.11
[0m16:07:55.195910 [info ] [MainThread]: python version: 3.12.3
[0m16:07:55.197902 [info ] [MainThread]: python path: C:\Users\daiko\My_Projects\GITHUB_projects\DBT\.env_dbt\Scripts\python.exe
[0m16:07:55.200051 [info ] [MainThread]: os info: Windows-10-10.0.19045-SP0
[0m16:07:55.601119 [debug] [MainThread]: Snowflake adapter: Setting snowflake.connector to ERROR (file logging only)
[0m16:07:55.601119 [debug] [MainThread]: Snowflake adapter: Setting botocore to ERROR (file logging only)
[0m16:07:55.602119 [debug] [MainThread]: Snowflake adapter: Setting boto3 to ERROR (file logging only)
[0m16:07:55.728508 [info ] [MainThread]: Using profiles dir at C:\Users\daiko\.dbt
[0m16:07:55.729054 [info ] [MainThread]: Using profiles.yml file at C:\Users\daiko\.dbt\profiles.yml
[0m16:07:55.730077 [info ] [MainThread]: Using dbt_project.yml file at C:\Users\daiko\My_Projects\GITHUB_projects\DBT\DBT_projects_tutorials\stock-portfolio-tracker-analytics-dbt\dbt_project.yml
[0m16:07:55.732064 [info ] [MainThread]: adapter type: snowflake
[0m16:07:55.733061 [info ] [MainThread]: adapter version: 1.11.5
[0m16:07:55.857147 [info ] [MainThread]: Configuration:
[0m16:07:55.858070 [info ] [MainThread]:   profiles.yml file [[32mOK found and valid[0m]
[0m16:07:55.859196 [info ] [MainThread]:   dbt_project.yml file [[32mOK found and valid[0m]
[0m16:07:55.860064 [info ] [MainThread]: Required dependencies:
[0m16:07:55.861064 [debug] [MainThread]: Executing "git --help"
[0m16:07:55.894170 [debug] [MainThread]: STDOUT: "b"usage: git [-v | --version] [-h | --help] [-C <path>] [-c <name>=<value>]\n           [--exec-path[=<path>]] [--html-path] [--man-path] [--info-path]\n           [-p | --paginate | -P | --no-pager] [--no-replace-objects] [--no-lazy-fetch]\n           [--no-optional-locks] [--no-advice] [--bare] [--git-dir=<path>]\n           [--work-tree=<path>] [--namespace=<name>] [--config-env=<name>=<envvar>]\n           <command> [<args>]\n\nThese are common Git commands used in various situations:\n\nstart a working area (see also: git help tutorial)\n   clone      Clone a repository into a new directory\n   init       Create an empty Git repository or reinitialize an existing one\n\nwork on the current change (see also: git help everyday)\n   add        Add file contents to the index\n   mv         Move or rename a file, a directory, or a symlink\n   restore    Restore working tree files\n   rm         Remove files from the working tree and from the index\n\nexamine the history and state (see also: git help revisions)\n   bisect     Use binary search to find the commit that introduced a bug\n   diff       Show changes between commits, commit and working tree, etc\n   grep       Print lines matching a pattern\n   log        Show commit logs\n   show       Show various types of objects\n   status     Show the working tree status\n\ngrow, mark and tweak your common history\n   backfill   Download missing objects in a partial clone\n   branch     List, create, or delete branches\n   commit     Record changes to the repository\n   merge      Join two or more development histories together\n   rebase     Reapply commits on top of another base tip\n   reset      Reset current HEAD to the specified state\n   switch     Switch branches\n   tag        Create, list, delete or verify a tag object signed with GPG\n\ncollaborate (see also: git help workflows)\n   fetch      Download objects and refs from another repository\n   pull       Fetch from and integrate with another repository or a local branch\n   push       Update remote refs along with associated objects\n\n'git help -a' and 'git help -g' list available subcommands and some\nconcept guides. See 'git help <command>' or 'git help <concept>'\nto read about a specific subcommand or concept.\nSee 'git help git' for an overview of the system.\n""
[0m16:07:55.895083 [debug] [MainThread]: STDERR: "b''"
[0m16:07:55.896083 [info ] [MainThread]:  - git [[32mOK found[0m]

[0m16:07:55.896083 [info ] [MainThread]: Connection:
[0m16:07:55.898239 [info ] [MainThread]:   account: LDDEMIG-HJ34452
[0m16:07:55.899081 [info ] [MainThread]:   user: SAMSNOWLIMBU004
[0m16:07:55.900290 [info ] [MainThread]:   database: PORTFOLIO_TRACKER
[0m16:07:55.901579 [info ] [MainThread]:   warehouse: COMPUTE_WH
[0m16:07:55.902588 [info ] [MainThread]:   role: DB_EXECUTOR_ROLE
[0m16:07:55.903587 [info ] [MainThread]:   schema: DBO
[0m16:07:55.903587 [info ] [MainThread]:   authenticator: externalbrowser
[0m16:07:55.904663 [info ] [MainThread]:   oauth_client_id: None
[0m16:07:55.905587 [info ] [MainThread]:   query_tag: None
[0m16:07:55.906648 [info ] [MainThread]:   client_session_keep_alive: False
[0m16:07:55.907589 [info ] [MainThread]:   host: None
[0m16:07:55.908588 [info ] [MainThread]:   port: None
[0m16:07:55.909597 [info ] [MainThread]:   proxy_host: None
[0m16:07:55.910590 [info ] [MainThread]:   proxy_port: None
[0m16:07:55.911588 [info ] [MainThread]:   protocol: None
[0m16:07:55.912588 [info ] [MainThread]:   connect_retries: 1
[0m16:07:55.914590 [info ] [MainThread]:   connect_timeout: None
[0m16:07:55.916587 [info ] [MainThread]:   retry_on_database_errors: False
[0m16:07:55.917591 [info ] [MainThread]:   retry_all: False
[0m16:07:55.918588 [info ] [MainThread]:   insecure_mode: False
[0m16:07:55.920589 [info ] [MainThread]:   reuse_connections: True
[0m16:07:55.921589 [info ] [MainThread]:   s3_stage_vpce_dns_name: None
[0m16:07:55.923587 [info ] [MainThread]:   platform_detection_timeout_seconds: 0.0
[0m16:07:55.925586 [info ] [MainThread]: Registered adapter: snowflake=1.11.5
[0m16:07:56.288668 [debug] [MainThread]: Acquiring new snowflake connection 'debug'
[0m16:07:56.364894 [debug] [MainThread]: Using snowflake connection "debug"
[0m16:07:56.365864 [debug] [MainThread]: On debug: select 1 as id
[0m16:07:56.365864 [debug] [MainThread]: Opening a new connection, currently in state init
[0m16:07:58.013384 [debug] [MainThread]: Snowflake adapter: Error running SQL: select 1 as id
[0m16:07:58.013384 [debug] [MainThread]: Snowflake adapter: Rolling back transaction.
[0m16:07:58.014385 [info ] [MainThread]:   Connection test: [[31mERROR[0m]

[0m16:07:58.015388 [info ] [MainThread]: [31m1 check failed:[0m
[0m16:07:58.016388 [info ] [MainThread]: dbt was unable to connect to the specified database.
The database returned the following error:

  >Database Error
  390190 (08001): Failed to connect to DB: LDDEMIG-HJ34452.snowflakecomputing.com:443, There was an error related to the SAML Identity Provider account parameter. Contact Snowflake support.

Check your database credentials and try again. For more information, visit:
https://docs.getdbt.com/docs/configure-your-profile


[0m16:07:58.018388 [debug] [MainThread]: Command `dbt debug` failed at 16:07:58.018388 after 3.04 seconds
[0m16:07:58.019387 [debug] [MainThread]: Connection 'debug' was left open.
[0m16:07:58.020386 [debug] [MainThread]: On debug: No close available on handle
[0m16:07:58.021400 [debug] [MainThread]: Sending event: {'category': 'dbt', 'action': 'invocation', 'label': 'end', 'context': [<snowplow_tracker.self_describing_json.SelfDescribingJson object at 0x0000022E751E6BA0>, <snowplow_tracker.self_describing_json.SelfDescribingJson object at 0x0000022E7206C0B0>, <snowplow_tracker.self_describing_json.SelfDescribingJson object at 0x0000022E6FB36570>]}
[0m16:07:58.022385 [debug] [MainThread]: Flushing usage events
[0m16:07:58.788440 [debug] [MainThread]: An error was encountered while trying to flush usage events
[0m16:10:23.774715 [debug] [MainThread]: Sending event: {'category': 'dbt', 'action': 'invocation', 'label': 'start', 'context': [<snowplow_tracker.self_describing_json.SelfDescribingJson object at 0x000002D5D86F98B0>, <snowplow_tracker.self_describing_json.SelfDescribingJson object at 0x000002D5D9B299A0>, <snowplow_tracker.self_describing_json.SelfDescribingJson object at 0x000002D5DC01E240>]}


============================== 16:10:23.778681 | c518af65-c236-40b8-8880-43062828b096 ==============================
[0m16:10:23.778681 [info ] [MainThread]: Running with dbt=1.11.11
[0m16:10:23.779681 [debug] [MainThread]: running dbt with arguments {'static_parser': 'True', 'no_print': 'None', 'version_check': 'True', 'target_path': 'None', 'warn_error_options': 'WarnErrorOptionsV2(error=[], warn=[], silence=[])', 'printer_width': '80', 'write_json': 'True', 'empty': 'None', 'log_cache_events': 'False', 'introspect': 'True', 'cache_selected_only': 'False', 'fail_fast': 'False', 'debug': 'False', 'log_format': 'default', 'profiles_dir': 'C:\\Users\\daiko\\.dbt', 'send_anonymous_usage_stats': 'True', 'quiet': 'False', 'warn_error': 'None', 'partial_parse': 'True', 'use_colors': 'True', 'invocation_command': 'dbt debug', 'indirect_selection': 'eager', 'use_experimental_parser': 'False', 'log_path': 'C:\\Users\\daiko\\My_Projects\\GITHUB_projects\\DBT\\DBT_projects_tutorials\\stock-portfolio-tracker-analytics-dbt\\logs'}
[0m16:10:23.797713 [info ] [MainThread]: dbt version: 1.11.11
[0m16:10:23.799715 [info ] [MainThread]: python version: 3.12.3
[0m16:10:23.800682 [info ] [MainThread]: python path: C:\Users\daiko\My_Projects\GITHUB_projects\DBT\.env_dbt\Scripts\python.exe
[0m16:10:23.801856 [info ] [MainThread]: os info: Windows-10-10.0.19045-SP0
[0m16:10:24.158679 [debug] [MainThread]: Snowflake adapter: Setting snowflake.connector to ERROR (file logging only)
[0m16:10:24.159679 [debug] [MainThread]: Snowflake adapter: Setting botocore to ERROR (file logging only)
[0m16:10:24.159679 [debug] [MainThread]: Snowflake adapter: Setting boto3 to ERROR (file logging only)
[0m16:10:24.294688 [info ] [MainThread]: Using profiles dir at C:\Users\daiko\.dbt
[0m16:10:24.296203 [info ] [MainThread]: Using profiles.yml file at C:\Users\daiko\.dbt\profiles.yml
[0m16:10:24.297681 [info ] [MainThread]: Using dbt_project.yml file at C:\Users\daiko\My_Projects\GITHUB_projects\DBT\DBT_projects_tutorials\stock-portfolio-tracker-analytics-dbt\dbt_project.yml
[0m16:10:24.300044 [info ] [MainThread]: adapter type: snowflake
[0m16:10:24.300044 [info ] [MainThread]: adapter version: 1.11.5
[0m16:10:24.431080 [info ] [MainThread]: Configuration:
[0m16:10:24.432110 [info ] [MainThread]:   profiles.yml file [[32mOK found and valid[0m]
[0m16:10:24.433088 [info ] [MainThread]:   dbt_project.yml file [[32mOK found and valid[0m]
[0m16:10:24.434074 [info ] [MainThread]: Required dependencies:
[0m16:10:24.436042 [debug] [MainThread]: Executing "git --help"
[0m16:10:24.471849 [debug] [MainThread]: STDOUT: "b"usage: git [-v | --version] [-h | --help] [-C <path>] [-c <name>=<value>]\n           [--exec-path[=<path>]] [--html-path] [--man-path] [--info-path]\n           [-p | --paginate | -P | --no-pager] [--no-replace-objects] [--no-lazy-fetch]\n           [--no-optional-locks] [--no-advice] [--bare] [--git-dir=<path>]\n           [--work-tree=<path>] [--namespace=<name>] [--config-env=<name>=<envvar>]\n           <command> [<args>]\n\nThese are common Git commands used in various situations:\n\nstart a working area (see also: git help tutorial)\n   clone      Clone a repository into a new directory\n   init       Create an empty Git repository or reinitialize an existing one\n\nwork on the current change (see also: git help everyday)\n   add        Add file contents to the index\n   mv         Move or rename a file, a directory, or a symlink\n   restore    Restore working tree files\n   rm         Remove files from the working tree and from the index\n\nexamine the history and state (see also: git help revisions)\n   bisect     Use binary search to find the commit that introduced a bug\n   diff       Show changes between commits, commit and working tree, etc\n   grep       Print lines matching a pattern\n   log        Show commit logs\n   show       Show various types of objects\n   status     Show the working tree status\n\ngrow, mark and tweak your common history\n   backfill   Download missing objects in a partial clone\n   branch     List, create, or delete branches\n   commit     Record changes to the repository\n   merge      Join two or more development histories together\n   rebase     Reapply commits on top of another base tip\n   reset      Reset current HEAD to the specified state\n   switch     Switch branches\n   tag        Create, list, delete or verify a tag object signed with GPG\n\ncollaborate (see also: git help workflows)\n   fetch      Download objects and refs from another repository\n   pull       Fetch from and integrate with another repository or a local branch\n   push       Update remote refs along with associated objects\n\n'git help -a' and 'git help -g' list available subcommands and some\nconcept guides. See 'git help <command>' or 'git help <concept>'\nto read about a specific subcommand or concept.\nSee 'git help git' for an overview of the system.\n""
[0m16:10:24.471849 [debug] [MainThread]: STDERR: "b''"
[0m16:10:24.472889 [info ] [MainThread]:  - git [[32mOK found[0m]

[0m16:10:24.473921 [info ] [MainThread]: Connection:
[0m16:10:24.474816 [info ] [MainThread]:   account: LDDEMIG-HJ34452
[0m16:10:24.475816 [info ] [MainThread]:   user: SAMSNOWLIMBU004
[0m16:10:24.475816 [info ] [MainThread]:   database: PORTFOLIO_TRACKER
[0m16:10:24.477826 [info ] [MainThread]:   warehouse: COMPUTE_WH
[0m16:10:24.477826 [info ] [MainThread]:   role: DB_EXECUTOR_ROLE
[0m16:10:24.478815 [info ] [MainThread]:   schema: DBO
[0m16:10:24.479816 [info ] [MainThread]:   authenticator: snowflake
[0m16:10:24.480825 [info ] [MainThread]:   oauth_client_id: None
[0m16:10:24.481816 [info ] [MainThread]:   query_tag: None
[0m16:10:24.482817 [info ] [MainThread]:   client_session_keep_alive: False
[0m16:10:24.483815 [info ] [MainThread]:   host: None
[0m16:10:24.484817 [info ] [MainThread]:   port: None
[0m16:10:24.486836 [info ] [MainThread]:   proxy_host: None
[0m16:10:24.488822 [info ] [MainThread]:   proxy_port: None
[0m16:10:24.489860 [info ] [MainThread]:   protocol: None
[0m16:10:24.490817 [info ] [MainThread]:   connect_retries: 1
[0m16:10:24.491836 [info ] [MainThread]:   connect_timeout: None
[0m16:10:24.493839 [info ] [MainThread]:   retry_on_database_errors: False
[0m16:10:24.494818 [info ] [MainThread]:   retry_all: False
[0m16:10:24.495816 [info ] [MainThread]:   insecure_mode: False
[0m16:10:24.497815 [info ] [MainThread]:   reuse_connections: True
[0m16:10:24.498815 [info ] [MainThread]:   s3_stage_vpce_dns_name: None
[0m16:10:24.500964 [info ] [MainThread]:   platform_detection_timeout_seconds: 0.0
[0m16:10:24.502826 [info ] [MainThread]: Registered adapter: snowflake=1.11.5
[0m16:10:24.886813 [debug] [MainThread]: Acquiring new snowflake connection 'debug'
[0m16:10:24.955810 [debug] [MainThread]: Using snowflake connection "debug"
[0m16:10:24.956810 [debug] [MainThread]: On debug: select 1 as id
[0m16:10:24.956810 [debug] [MainThread]: Opening a new connection, currently in state init
[0m16:10:27.257975 [debug] [MainThread]: SQL status: SUCCESS 1 in 2.301 seconds
[0m16:10:27.261901 [info ] [MainThread]:   Connection test: [[32mOK connection ok[0m]

[0m16:10:27.263963 [info ] [MainThread]: [32mAll checks passed![0m
[0m16:10:27.268902 [debug] [MainThread]: Command `dbt debug` succeeded at 16:10:27.267899 after 3.68 seconds
[0m16:10:27.270007 [debug] [MainThread]: Connection 'debug' was left open.
[0m16:10:27.270968 [debug] [MainThread]: On debug: Close
[0m16:10:27.686716 [debug] [MainThread]: Sending event: {'category': 'dbt', 'action': 'invocation', 'label': 'end', 'context': [<snowplow_tracker.self_describing_json.SelfDescribingJson object at 0x000002D5DBFDA930>, <snowplow_tracker.self_describing_json.SelfDescribingJson object at 0x000002D5DB4FDC10>, <snowplow_tracker.self_describing_json.SelfDescribingJson object at 0x000002D5DC36C230>]}
[0m16:10:27.688691 [debug] [MainThread]: Flushing usage events
[0m16:10:28.522227 [debug] [MainThread]: An error was encountered while trying to flush usage events
[0m16:16:05.731424 [debug] [MainThread]: Sending event: {'category': 'dbt', 'action': 'invocation', 'label': 'start', 'context': [<snowplow_tracker.self_describing_json.SelfDescribingJson object at 0x00000285FC563E90>, <snowplow_tracker.self_describing_json.SelfDescribingJson object at 0x00000285FC9C95E0>, <snowplow_tracker.self_describing_json.SelfDescribingJson object at 0x00000285FC9CB620>]}


============================== 16:16:05.738432 | 86d1d1f6-35d3-4fc0-b300-e65751d9fb7f ==============================
[0m16:16:05.738432 [info ] [MainThread]: Running with dbt=1.11.11
[0m16:16:05.741425 [debug] [MainThread]: running dbt with arguments {'static_parser': 'True', 'no_print': 'None', 'version_check': 'True', 'warn_error_options': 'WarnErrorOptionsV2(error=[], warn=[], silence=[])', 'target_path': 'None', 'printer_width': '80', 'write_json': 'True', 'empty': 'False', 'log_cache_events': 'False', 'introspect': 'True', 'cache_selected_only': 'False', 'fail_fast': 'False', 'debug': 'False', 'log_format': 'default', 'profiles_dir': 'C:\\Users\\daiko\\.dbt', 'send_anonymous_usage_stats': 'True', 'quiet': 'False', 'warn_error': 'None', 'partial_parse': 'True', 'use_colors': 'True', 'indirect_selection': 'eager', 'invocation_command': 'dbt run', 'use_experimental_parser': 'False', 'log_path': 'C:\\Users\\daiko\\My_Projects\\GITHUB_projects\\DBT\\DBT_projects_tutorials\\stock-portfolio-tracker-analytics-dbt\\logs'}
[0m16:16:06.194521 [debug] [MainThread]: Snowflake adapter: Setting snowflake.connector to ERROR (file logging only)
[0m16:16:06.195524 [debug] [MainThread]: Snowflake adapter: Setting botocore to ERROR (file logging only)
[0m16:16:06.195524 [debug] [MainThread]: Snowflake adapter: Setting boto3 to ERROR (file logging only)
[0m16:16:06.542993 [debug] [MainThread]: Sending event: {'category': 'dbt', 'action': 'project_id', 'label': '86d1d1f6-35d3-4fc0-b300-e65751d9fb7f', 'context': [<snowplow_tracker.self_describing_json.SelfDescribingJson object at 0x00000285FFB7BF80>]}
[0m16:16:06.636993 [debug] [MainThread]: Sending event: {'category': 'dbt', 'action': 'adapter_info', 'label': '86d1d1f6-35d3-4fc0-b300-e65751d9fb7f', 'context': [<snowplow_tracker.self_describing_json.SelfDescribingJson object at 0x00000285FE70ADB0>]}
[0m16:16:06.639012 [info ] [MainThread]: Registered adapter: snowflake=1.11.5
[0m16:16:07.204892 [debug] [MainThread]: checksum: 30a8cc8fdcbf66701b0944d4ccce3fa46dd04b61e5df68b9f16d57b2e0e3f0be, vars: {}, profile: , target: , version: 1.11.11
[0m16:16:07.206399 [info ] [MainThread]: Unable to do partial parsing because saved manifest not found. Starting full parse.
[0m16:16:07.206889 [debug] [MainThread]: Sending event: {'category': 'dbt', 'action': 'partial_parser', 'label': '86d1d1f6-35d3-4fc0-b300-e65751d9fb7f', 'context': [<snowplow_tracker.self_describing_json.SelfDescribingJson object at 0x00000285FFC3B500>]}
[0m16:16:09.065288 [debug] [MainThread]: Sending event: {'category': 'dbt', 'action': 'load_project', 'label': '86d1d1f6-35d3-4fc0-b300-e65751d9fb7f', 'context': [<snowplow_tracker.self_describing_json.SelfDescribingJson object at 0x00000285FA5D9DF0>]}
[0m16:16:09.177282 [debug] [MainThread]: Wrote artifact WritableManifest to C:\Users\daiko\My_Projects\GITHUB_projects\DBT\DBT_projects_tutorials\stock-portfolio-tracker-analytics-dbt\target\manifest.json
[0m16:16:09.189538 [debug] [MainThread]: Wrote artifact SemanticManifest to C:\Users\daiko\My_Projects\GITHUB_projects\DBT\DBT_projects_tutorials\stock-portfolio-tracker-analytics-dbt\target\semantic_manifest.json
[0m16:16:09.208498 [debug] [MainThread]: Sending event: {'category': 'dbt', 'action': 'resource_counts', 'label': '86d1d1f6-35d3-4fc0-b300-e65751d9fb7f', 'context': [<snowplow_tracker.self_describing_json.SelfDescribingJson object at 0x0000028580074A10>]}
[0m16:16:09.209498 [info ] [MainThread]: Found 2 models, 4 data tests, 536 macros
[0m16:16:09.210497 [debug] [MainThread]: Sending event: {'category': 'dbt', 'action': 'runnable_timing', 'label': '86d1d1f6-35d3-4fc0-b300-e65751d9fb7f', 'context': [<snowplow_tracker.self_describing_json.SelfDescribingJson object at 0x00000285800E0590>]}
[0m16:16:09.213498 [info ] [MainThread]: 
[0m16:16:09.214499 [info ] [MainThread]: Concurrency: 1 threads (target='dev')
[0m16:16:09.214499 [info ] [MainThread]: 
[0m16:16:09.216497 [debug] [MainThread]: Acquiring new snowflake connection 'master'
[0m16:16:09.226509 [debug] [ThreadPool]: Acquiring new snowflake connection 'list_PORTFOLIO_TRACKER'
[0m16:16:09.335504 [debug] [ThreadPool]: Using snowflake connection "list_PORTFOLIO_TRACKER"
[0m16:16:09.336501 [debug] [ThreadPool]: On list_PORTFOLIO_TRACKER: show terse schemas in database PORTFOLIO_TRACKER
    limit 10000
/* {"app": "dbt", "dbt_version": "1.11.11", "profile_name": "portfolio_tracker", "target_name": "dev", "connection_name": "list_PORTFOLIO_TRACKER"} */
[0m16:16:09.336501 [debug] [ThreadPool]: Opening a new connection, currently in state init
[0m16:16:11.940474 [debug] [ThreadPool]: SQL status: SUCCESS 3 in 2.604 seconds
[0m16:16:11.953473 [debug] [ThreadPool]: Acquiring new snowflake connection 'list_PORTFOLIO_TRACKER_DBO'
[0m16:16:11.972472 [debug] [ThreadPool]: Using snowflake connection "list_PORTFOLIO_TRACKER_DBO"
[0m16:16:11.972472 [debug] [ThreadPool]: On list_PORTFOLIO_TRACKER_DBO: show objects in PORTFOLIO_TRACKER.DBO
    limit 10000
    

/* {"app": "dbt", "dbt_version": "1.11.11", "profile_name": "portfolio_tracker", "target_name": "dev", "connection_name": "list_PORTFOLIO_TRACKER_DBO"} */;
[0m16:16:11.973472 [debug] [ThreadPool]: Opening a new connection, currently in state init
[0m16:16:13.387005 [debug] [ThreadPool]: SQL status: SUCCESS 0 in 1.414 seconds
[0m16:16:13.393738 [debug] [MainThread]: Sending event: {'category': 'dbt', 'action': 'runnable_timing', 'label': '86d1d1f6-35d3-4fc0-b300-e65751d9fb7f', 'context': [<snowplow_tracker.self_describing_json.SelfDescribingJson object at 0x00000285FFA9EE40>]}
[0m16:16:13.416677 [debug] [Thread-2 (]: Began running node model.portfolio_tracker.my_first_dbt_model
[0m16:16:13.419595 [info ] [Thread-2 (]: 1 of 2 START sql table model DBO.my_first_dbt_model ............................ [RUN]
[0m16:16:13.422593 [debug] [Thread-2 (]: Acquiring new snowflake connection 'model.portfolio_tracker.my_first_dbt_model'
[0m16:16:13.423592 [debug] [Thread-2 (]: Began compiling node model.portfolio_tracker.my_first_dbt_model
[0m16:16:13.436592 [debug] [Thread-2 (]: Writing injected SQL for node "model.portfolio_tracker.my_first_dbt_model"
[0m16:16:13.439620 [debug] [Thread-2 (]: Began executing node model.portfolio_tracker.my_first_dbt_model
[0m16:16:13.483680 [debug] [Thread-2 (]: Writing runtime sql for node "model.portfolio_tracker.my_first_dbt_model"
[0m16:16:13.487672 [debug] [Thread-2 (]: Using snowflake connection "model.portfolio_tracker.my_first_dbt_model"
[0m16:16:13.488610 [debug] [Thread-2 (]: On model.portfolio_tracker.my_first_dbt_model: create or replace transient table PORTFOLIO_TRACKER.DBO.my_first_dbt_model
    
    
    
    as (/*
    Welcome to your first dbt model!
    Did you know that you can also configure models directly within SQL files?
    This will override configurations stated in dbt_project.yml

    Try changing "table" to "view" below
*/



with source_data as (

    select 1 as id
    union all
    select null as id

)

select *
from source_data

/*
    Uncomment the line below to remove records with null `id` values
*/

-- where id is not null
    )

/* {"app": "dbt", "dbt_version": "1.11.11", "profile_name": "portfolio_tracker", "target_name": "dev", "node_id": "model.portfolio_tracker.my_first_dbt_model"} */;
[0m16:16:13.488610 [debug] [Thread-2 (]: Opening a new connection, currently in state init
[0m16:16:16.044324 [debug] [Thread-2 (]: SQL status: SUCCESS 2 in 2.555 seconds
[0m16:16:16.087581 [debug] [Thread-2 (]: Sending event: {'category': 'dbt', 'action': 'run_model', 'label': '86d1d1f6-35d3-4fc0-b300-e65751d9fb7f', 'context': [<snowplow_tracker.self_describing_json.SelfDescribingJson object at 0x00000285FE72F710>]}
[0m16:16:16.089314 [info ] [Thread-2 (]: 1 of 2 OK created sql table model DBO.my_first_dbt_model ....................... [[32mSUCCESS 2[0m in 2.66s]
[0m16:16:16.090901 [debug] [Thread-2 (]: Finished running node model.portfolio_tracker.my_first_dbt_model
[0m16:16:16.092870 [debug] [Thread-2 (]: Began running node model.portfolio_tracker.my_second_dbt_model
[0m16:16:16.093315 [info ] [Thread-2 (]: 2 of 2 START sql view model DBO.my_second_dbt_model ............................ [RUN]
[0m16:16:16.095767 [debug] [Thread-2 (]: Re-using an available connection from the pool (formerly model.portfolio_tracker.my_first_dbt_model, now model.portfolio_tracker.my_second_dbt_model)
[0m16:16:16.097353 [debug] [Thread-2 (]: Began compiling node model.portfolio_tracker.my_second_dbt_model
[0m16:16:16.101692 [debug] [Thread-2 (]: Writing injected SQL for node "model.portfolio_tracker.my_second_dbt_model"
[0m16:16:16.104492 [debug] [Thread-2 (]: Began executing node model.portfolio_tracker.my_second_dbt_model
[0m16:16:16.139269 [debug] [Thread-2 (]: Writing runtime sql for node "model.portfolio_tracker.my_second_dbt_model"
[0m16:16:16.141266 [debug] [Thread-2 (]: Using snowflake connection "model.portfolio_tracker.my_second_dbt_model"
[0m16:16:16.142268 [debug] [Thread-2 (]: On model.portfolio_tracker.my_second_dbt_model: create or replace   view PORTFOLIO_TRACKER.DBO.my_second_dbt_model
  
  
  
  
  as (
    -- Use the `ref` function to select from other models

select *
from PORTFOLIO_TRACKER.DBO.my_first_dbt_model
where id = 1
  )
/* {"app": "dbt", "dbt_version": "1.11.11", "profile_name": "portfolio_tracker", "target_name": "dev", "node_id": "model.portfolio_tracker.my_second_dbt_model"} */;
[0m16:16:17.071668 [debug] [Thread-2 (]: SQL status: SUCCESS 1 in 0.929 seconds
[0m16:16:17.078742 [debug] [Thread-2 (]: Sending event: {'category': 'dbt', 'action': 'run_model', 'label': '86d1d1f6-35d3-4fc0-b300-e65751d9fb7f', 'context': [<snowplow_tracker.self_describing_json.SelfDescribingJson object at 0x000002858187B950>]}
[0m16:16:17.080662 [info ] [Thread-2 (]: 2 of 2 OK created sql view model DBO.my_second_dbt_model ....................... [[32mSUCCESS 1[0m in 0.98s]
[0m16:16:17.082951 [debug] [Thread-2 (]: Finished running node model.portfolio_tracker.my_second_dbt_model
[0m16:16:17.086953 [debug] [MainThread]: Connection 'master' was properly closed.
[0m16:16:17.088362 [debug] [MainThread]: Connection 'list_PORTFOLIO_TRACKER' was left open.
[0m16:16:17.089929 [debug] [MainThread]: On list_PORTFOLIO_TRACKER: Close
[0m16:16:17.348273 [debug] [MainThread]: Connection 'list_PORTFOLIO_TRACKER_DBO' was left open.
[0m16:16:17.349261 [debug] [MainThread]: On list_PORTFOLIO_TRACKER_DBO: Close
[0m16:16:17.580450 [debug] [MainThread]: Connection 'model.portfolio_tracker.my_second_dbt_model' was left open.
[0m16:16:17.582525 [debug] [MainThread]: On model.portfolio_tracker.my_second_dbt_model: Close
[0m16:16:17.802381 [info ] [MainThread]: 
[0m16:16:17.804383 [info ] [MainThread]: Finished running 1 table model, 1 view model in 0 hours 0 minutes and 8.58 seconds (8.58s).
[0m16:16:17.807386 [debug] [MainThread]: Command end result
[0m16:16:17.852471 [debug] [MainThread]: Wrote artifact WritableManifest to C:\Users\daiko\My_Projects\GITHUB_projects\DBT\DBT_projects_tutorials\stock-portfolio-tracker-analytics-dbt\target\manifest.json
[0m16:16:17.856471 [debug] [MainThread]: Wrote artifact SemanticManifest to C:\Users\daiko\My_Projects\GITHUB_projects\DBT\DBT_projects_tutorials\stock-portfolio-tracker-analytics-dbt\target\semantic_manifest.json
[0m16:16:17.864431 [debug] [MainThread]: Wrote artifact RunExecutionResult to C:\Users\daiko\My_Projects\GITHUB_projects\DBT\DBT_projects_tutorials\stock-portfolio-tracker-analytics-dbt\target\run_results.json
[0m16:16:17.865468 [info ] [MainThread]: 
[0m16:16:17.866378 [info ] [MainThread]: [32mCompleted successfully[0m
[0m16:16:17.867378 [info ] [MainThread]: 
[0m16:16:17.868374 [info ] [MainThread]: Done. PASS=2 WARN=0 ERROR=0 SKIP=0 NO-OP=0 TOTAL=2
[0m16:16:17.870377 [debug] [MainThread]: Command `dbt run` succeeded at 16:16:17.870377 after 12.31 seconds
[0m16:16:17.871448 [debug] [MainThread]: Sending event: {'category': 'dbt', 'action': 'invocation', 'label': 'end', 'context': [<snowplow_tracker.self_describing_json.SelfDescribingJson object at 0x0000028580277A70>, <snowplow_tracker.self_describing_json.SelfDescribingJson object at 0x00000285FA47B350>, <snowplow_tracker.self_describing_json.SelfDescribingJson object at 0x00000285801AB2F0>]}
[0m16:16:17.872449 [debug] [MainThread]: Flushing usage events
[0m16:16:18.693968 [debug] [MainThread]: An error was encountered while trying to flush usage events
[0m16:17:18.673741 [debug] [MainThread]: Sending event: {'category': 'dbt', 'action': 'invocation', 'label': 'start', 'context': [<snowplow_tracker.self_describing_json.SelfDescribingJson object at 0x0000023A8E5A64E0>, <snowplow_tracker.self_describing_json.SelfDescribingJson object at 0x0000023A913AA1B0>, <snowplow_tracker.self_describing_json.SelfDescribingJson object at 0x0000023A913AB6E0>]}


============================== 16:17:18.679824 | 071f60d5-e577-4fbc-b779-6d0aa09ef798 ==============================
[0m16:17:18.679824 [info ] [MainThread]: Running with dbt=1.11.11
[0m16:17:18.681803 [debug] [MainThread]: running dbt with arguments {'version_check': 'True', 'no_print': 'None', 'static_parser': 'True', 'warn_error_options': 'WarnErrorOptionsV2(error=[], warn=[], silence=[])', 'target_path': 'None', 'printer_width': '80', 'write_json': 'True', 'empty': 'None', 'log_cache_events': 'False', 'introspect': 'True', 'cache_selected_only': 'False', 'log_format': 'default', 'debug': 'False', 'fail_fast': 'False', 'partial_parse': 'True', 'send_anonymous_usage_stats': 'True', 'quiet': 'False', 'warn_error': 'None', 'profiles_dir': 'C:\\Users\\daiko\\.dbt', 'use_colors': 'True', 'invocation_command': 'dbt test', 'indirect_selection': 'eager', 'use_experimental_parser': 'False', 'log_path': 'C:\\Users\\daiko\\My_Projects\\GITHUB_projects\\DBT\\DBT_projects_tutorials\\stock-portfolio-tracker-analytics-dbt\\logs'}
[0m16:17:19.062740 [debug] [MainThread]: Snowflake adapter: Setting snowflake.connector to ERROR (file logging only)
[0m16:17:19.063739 [debug] [MainThread]: Snowflake adapter: Setting botocore to ERROR (file logging only)
[0m16:17:19.063739 [debug] [MainThread]: Snowflake adapter: Setting boto3 to ERROR (file logging only)
[0m16:17:19.374931 [debug] [MainThread]: Sending event: {'category': 'dbt', 'action': 'project_id', 'label': '071f60d5-e577-4fbc-b779-6d0aa09ef798', 'context': [<snowplow_tracker.self_describing_json.SelfDescribingJson object at 0x0000023A93E3B380>]}
[0m16:17:19.443929 [debug] [MainThread]: Sending event: {'category': 'dbt', 'action': 'adapter_info', 'label': '071f60d5-e577-4fbc-b779-6d0aa09ef798', 'context': [<snowplow_tracker.self_describing_json.SelfDescribingJson object at 0x0000023A93E17AD0>]}
[0m16:17:19.445023 [info ] [MainThread]: Registered adapter: snowflake=1.11.5
[0m16:17:19.837112 [debug] [MainThread]: checksum: 30a8cc8fdcbf66701b0944d4ccce3fa46dd04b61e5df68b9f16d57b2e0e3f0be, vars: {}, profile: , target: , version: 1.11.11
[0m16:17:19.981042 [debug] [MainThread]: Partial parsing enabled: 0 files deleted, 0 files added, 0 files changed.
[0m16:17:19.981042 [debug] [MainThread]: Nothing changed, skipping partial parsing.
[0m16:17:19.982042 [debug] [MainThread]: Partial parsing enabled, no changes found, skipping parsing
[0m16:17:20.019050 [debug] [MainThread]: Sending event: {'category': 'dbt', 'action': 'load_project', 'label': '071f60d5-e577-4fbc-b779-6d0aa09ef798', 'context': [<snowplow_tracker.self_describing_json.SelfDescribingJson object at 0x0000023A941E1D00>]}
[0m16:17:20.099109 [debug] [MainThread]: Wrote artifact WritableManifest to C:\Users\daiko\My_Projects\GITHUB_projects\DBT\DBT_projects_tutorials\stock-portfolio-tracker-analytics-dbt\target\manifest.json
[0m16:17:20.102118 [debug] [MainThread]: Wrote artifact SemanticManifest to C:\Users\daiko\My_Projects\GITHUB_projects\DBT\DBT_projects_tutorials\stock-portfolio-tracker-analytics-dbt\target\semantic_manifest.json
[0m16:17:20.128072 [debug] [MainThread]: Sending event: {'category': 'dbt', 'action': 'resource_counts', 'label': '071f60d5-e577-4fbc-b779-6d0aa09ef798', 'context': [<snowplow_tracker.self_describing_json.SelfDescribingJson object at 0x0000023A94495070>]}
[0m16:17:20.129039 [info ] [MainThread]: Found 2 models, 4 data tests, 536 macros
[0m16:17:20.130011 [debug] [MainThread]: Sending event: {'category': 'dbt', 'action': 'runnable_timing', 'label': '071f60d5-e577-4fbc-b779-6d0aa09ef798', 'context': [<snowplow_tracker.self_describing_json.SelfDescribingJson object at 0x0000023A93CAE6C0>]}
[0m16:17:20.132013 [info ] [MainThread]: 
[0m16:17:20.132989 [info ] [MainThread]: Concurrency: 1 threads (target='dev')
[0m16:17:20.133998 [info ] [MainThread]: 
[0m16:17:20.135041 [debug] [MainThread]: Acquiring new snowflake connection 'master'
[0m16:17:20.141103 [debug] [ThreadPool]: Acquiring new snowflake connection 'list_PORTFOLIO_TRACKER_DBO'
[0m16:17:20.239996 [debug] [ThreadPool]: Using snowflake connection "list_PORTFOLIO_TRACKER_DBO"
[0m16:17:20.240996 [debug] [ThreadPool]: On list_PORTFOLIO_TRACKER_DBO: show objects in PORTFOLIO_TRACKER.DBO
    limit 10000
    

/* {"app": "dbt", "dbt_version": "1.11.11", "profile_name": "portfolio_tracker", "target_name": "dev", "connection_name": "list_PORTFOLIO_TRACKER_DBO"} */;
[0m16:17:20.241996 [debug] [ThreadPool]: Opening a new connection, currently in state init
[0m16:17:22.398716 [debug] [ThreadPool]: SQL status: SUCCESS 2 in 2.156 seconds
[0m16:17:22.406761 [debug] [MainThread]: Sending event: {'category': 'dbt', 'action': 'runnable_timing', 'label': '071f60d5-e577-4fbc-b779-6d0aa09ef798', 'context': [<snowplow_tracker.self_describing_json.SelfDescribingJson object at 0x0000023A941E2210>]}
[0m16:17:22.414558 [debug] [Thread-2 (]: Began running node test.portfolio_tracker.not_null_my_first_dbt_model_id.5fb22c2710
[0m16:17:22.416641 [info ] [Thread-2 (]: 1 of 4 START test not_null_my_first_dbt_model_id ............................... [RUN]
[0m16:17:22.418567 [debug] [Thread-2 (]: Acquiring new snowflake connection 'test.portfolio_tracker.not_null_my_first_dbt_model_id.5fb22c2710'
[0m16:17:22.420642 [debug] [Thread-2 (]: Began compiling node test.portfolio_tracker.not_null_my_first_dbt_model_id.5fb22c2710
[0m16:17:22.447644 [debug] [Thread-2 (]: Writing injected SQL for node "test.portfolio_tracker.not_null_my_first_dbt_model_id.5fb22c2710"
[0m16:17:22.449585 [debug] [Thread-2 (]: Began executing node test.portfolio_tracker.not_null_my_first_dbt_model_id.5fb22c2710
[0m16:17:22.486930 [debug] [Thread-2 (]: Writing runtime sql for node "test.portfolio_tracker.not_null_my_first_dbt_model_id.5fb22c2710"
[0m16:17:22.489305 [debug] [Thread-2 (]: Using snowflake connection "test.portfolio_tracker.not_null_my_first_dbt_model_id.5fb22c2710"
[0m16:17:22.489653 [debug] [Thread-2 (]: On test.portfolio_tracker.not_null_my_first_dbt_model_id.5fb22c2710: select
      count(*) as failures,
      count(*) != 0 as should_warn,
      count(*) != 0 as should_error
    from (
      
    
  
    
    



select id
from PORTFOLIO_TRACKER.DBO.my_first_dbt_model
where id is null



  
  
      
    ) dbt_internal_test
/* {"app": "dbt", "dbt_version": "1.11.11", "profile_name": "portfolio_tracker", "target_name": "dev", "node_id": "test.portfolio_tracker.not_null_my_first_dbt_model_id.5fb22c2710"} */
[0m16:17:22.490564 [debug] [Thread-2 (]: Opening a new connection, currently in state init
[0m16:17:23.820887 [debug] [Thread-2 (]: SQL status: SUCCESS 1 in 1.331 seconds
[0m16:17:23.842881 [error] [Thread-2 (]: 1 of 4 FAIL 1 not_null_my_first_dbt_model_id ................................... [[31mFAIL 1[0m in 1.43s]
[0m16:17:23.844798 [debug] [Thread-2 (]: Finished running node test.portfolio_tracker.not_null_my_first_dbt_model_id.5fb22c2710
[0m16:17:23.845807 [debug] [Thread-2 (]: Began running node test.portfolio_tracker.not_null_my_second_dbt_model_id.151b76d778
[0m16:17:23.846868 [info ] [Thread-2 (]: 2 of 4 START test not_null_my_second_dbt_model_id .............................. [RUN]
[0m16:17:23.848088 [debug] [Thread-2 (]: Re-using an available connection from the pool (formerly test.portfolio_tracker.not_null_my_first_dbt_model_id.5fb22c2710, now test.portfolio_tracker.not_null_my_second_dbt_model_id.151b76d778)
[0m16:17:23.849095 [debug] [Thread-2 (]: Began compiling node test.portfolio_tracker.not_null_my_second_dbt_model_id.151b76d778
[0m16:17:23.854095 [debug] [Thread-2 (]: Writing injected SQL for node "test.portfolio_tracker.not_null_my_second_dbt_model_id.151b76d778"
[0m16:17:23.855095 [debug] [Thread-2 (]: Began executing node test.portfolio_tracker.not_null_my_second_dbt_model_id.151b76d778
[0m16:17:23.859095 [debug] [Thread-2 (]: Writing runtime sql for node "test.portfolio_tracker.not_null_my_second_dbt_model_id.151b76d778"
[0m16:17:23.861095 [debug] [Thread-2 (]: Using snowflake connection "test.portfolio_tracker.not_null_my_second_dbt_model_id.151b76d778"
[0m16:17:23.861095 [debug] [Thread-2 (]: On test.portfolio_tracker.not_null_my_second_dbt_model_id.151b76d778: select
      count(*) as failures,
      count(*) != 0 as should_warn,
      count(*) != 0 as should_error
    from (
      
    
  
    
    



select id
from PORTFOLIO_TRACKER.DBO.my_second_dbt_model
where id is null



  
  
      
    ) dbt_internal_test
/* {"app": "dbt", "dbt_version": "1.11.11", "profile_name": "portfolio_tracker", "target_name": "dev", "node_id": "test.portfolio_tracker.not_null_my_second_dbt_model_id.151b76d778"} */
[0m16:17:24.243513 [debug] [Thread-2 (]: SQL status: SUCCESS 1 in 0.381 seconds
[0m16:17:24.248540 [info ] [Thread-2 (]: 2 of 4 PASS not_null_my_second_dbt_model_id .................................... [[32mPASS[0m in 0.40s]
[0m16:17:24.250442 [debug] [Thread-2 (]: Finished running node test.portfolio_tracker.not_null_my_second_dbt_model_id.151b76d778
[0m16:17:24.251488 [debug] [Thread-2 (]: Began running node test.portfolio_tracker.unique_my_first_dbt_model_id.16e066b321
[0m16:17:24.253519 [info ] [Thread-2 (]: 3 of 4 START test unique_my_first_dbt_model_id ................................. [RUN]
[0m16:17:24.254440 [debug] [Thread-2 (]: Re-using an available connection from the pool (formerly test.portfolio_tracker.not_null_my_second_dbt_model_id.151b76d778, now test.portfolio_tracker.unique_my_first_dbt_model_id.16e066b321)
[0m16:17:24.255437 [debug] [Thread-2 (]: Began compiling node test.portfolio_tracker.unique_my_first_dbt_model_id.16e066b321
[0m16:17:24.263437 [debug] [Thread-2 (]: Writing injected SQL for node "test.portfolio_tracker.unique_my_first_dbt_model_id.16e066b321"
[0m16:17:24.266440 [debug] [Thread-2 (]: Began executing node test.portfolio_tracker.unique_my_first_dbt_model_id.16e066b321
[0m16:17:24.271447 [debug] [Thread-2 (]: Writing runtime sql for node "test.portfolio_tracker.unique_my_first_dbt_model_id.16e066b321"
[0m16:17:24.274540 [debug] [Thread-2 (]: Using snowflake connection "test.portfolio_tracker.unique_my_first_dbt_model_id.16e066b321"
[0m16:17:24.274540 [debug] [Thread-2 (]: On test.portfolio_tracker.unique_my_first_dbt_model_id.16e066b321: select
      count(*) as failures,
      count(*) != 0 as should_warn,
      count(*) != 0 as should_error
    from (
      
    
  
    
    

select
    id as unique_field,
    count(*) as n_records

from PORTFOLIO_TRACKER.DBO.my_first_dbt_model
where id is not null
group by id
having count(*) > 1



  
  
      
    ) dbt_internal_test
/* {"app": "dbt", "dbt_version": "1.11.11", "profile_name": "portfolio_tracker", "target_name": "dev", "node_id": "test.portfolio_tracker.unique_my_first_dbt_model_id.16e066b321"} */
[0m16:17:24.438771 [debug] [Thread-2 (]: SQL status: SUCCESS 1 in 0.164 seconds
[0m16:17:24.445774 [info ] [Thread-2 (]: 3 of 4 PASS unique_my_first_dbt_model_id ....................................... [[32mPASS[0m in 0.19s]
[0m16:17:24.448487 [debug] [Thread-2 (]: Finished running node test.portfolio_tracker.unique_my_first_dbt_model_id.16e066b321
[0m16:17:24.450486 [debug] [Thread-2 (]: Began running node test.portfolio_tracker.unique_my_second_dbt_model_id.57a0f8c493
[0m16:17:24.451486 [info ] [Thread-2 (]: 4 of 4 START test unique_my_second_dbt_model_id ................................ [RUN]
[0m16:17:24.454082 [debug] [Thread-2 (]: Re-using an available connection from the pool (formerly test.portfolio_tracker.unique_my_first_dbt_model_id.16e066b321, now test.portfolio_tracker.unique_my_second_dbt_model_id.57a0f8c493)
[0m16:17:24.455422 [debug] [Thread-2 (]: Began compiling node test.portfolio_tracker.unique_my_second_dbt_model_id.57a0f8c493
[0m16:17:24.462077 [debug] [Thread-2 (]: Writing injected SQL for node "test.portfolio_tracker.unique_my_second_dbt_model_id.57a0f8c493"
[0m16:17:24.463077 [debug] [Thread-2 (]: Began executing node test.portfolio_tracker.unique_my_second_dbt_model_id.57a0f8c493
[0m16:17:24.468082 [debug] [Thread-2 (]: Writing runtime sql for node "test.portfolio_tracker.unique_my_second_dbt_model_id.57a0f8c493"
[0m16:17:24.471080 [debug] [Thread-2 (]: Using snowflake connection "test.portfolio_tracker.unique_my_second_dbt_model_id.57a0f8c493"
[0m16:17:24.472085 [debug] [Thread-2 (]: On test.portfolio_tracker.unique_my_second_dbt_model_id.57a0f8c493: select
      count(*) as failures,
      count(*) != 0 as should_warn,
      count(*) != 0 as should_error
    from (
      
    
  
    
    

select
    id as unique_field,
    count(*) as n_records

from PORTFOLIO_TRACKER.DBO.my_second_dbt_model
where id is not null
group by id
having count(*) > 1



  
  
      
    ) dbt_internal_test
/* {"app": "dbt", "dbt_version": "1.11.11", "profile_name": "portfolio_tracker", "target_name": "dev", "node_id": "test.portfolio_tracker.unique_my_second_dbt_model_id.57a0f8c493"} */
[0m16:17:25.069630 [debug] [Thread-2 (]: SQL status: SUCCESS 1 in 0.597 seconds
[0m16:17:25.077609 [info ] [Thread-2 (]: 4 of 4 PASS unique_my_second_dbt_model_id ...................................... [[32mPASS[0m in 0.62s]
[0m16:17:25.080944 [debug] [Thread-2 (]: Finished running node test.portfolio_tracker.unique_my_second_dbt_model_id.57a0f8c493
[0m16:17:25.084866 [debug] [MainThread]: Connection 'master' was properly closed.
[0m16:17:25.087541 [debug] [MainThread]: Connection 'list_PORTFOLIO_TRACKER_DBO' was left open.
[0m16:17:25.089133 [debug] [MainThread]: On list_PORTFOLIO_TRACKER_DBO: Close
[0m16:17:25.384800 [debug] [MainThread]: Connection 'test.portfolio_tracker.unique_my_second_dbt_model_id.57a0f8c493' was left open.
[0m16:17:25.386800 [debug] [MainThread]: On test.portfolio_tracker.unique_my_second_dbt_model_id.57a0f8c493: Close
[0m16:17:25.620668 [info ] [MainThread]: 
[0m16:17:25.622664 [info ] [MainThread]: Finished running 4 data tests in 0 hours 0 minutes and 5.49 seconds (5.49s).
[0m16:17:25.628659 [debug] [MainThread]: Command end result
[0m16:17:25.664658 [debug] [MainThread]: Wrote artifact WritableManifest to C:\Users\daiko\My_Projects\GITHUB_projects\DBT\DBT_projects_tutorials\stock-portfolio-tracker-analytics-dbt\target\manifest.json
[0m16:17:25.668657 [debug] [MainThread]: Wrote artifact SemanticManifest to C:\Users\daiko\My_Projects\GITHUB_projects\DBT\DBT_projects_tutorials\stock-portfolio-tracker-analytics-dbt\target\semantic_manifest.json
[0m16:17:25.678659 [debug] [MainThread]: Wrote artifact RunExecutionResult to C:\Users\daiko\My_Projects\GITHUB_projects\DBT\DBT_projects_tutorials\stock-portfolio-tracker-analytics-dbt\target\run_results.json
[0m16:17:25.679806 [info ] [MainThread]: 
[0m16:17:25.680659 [info ] [MainThread]: [31mCompleted with 1 error, 0 partial successes, and 0 warnings:[0m
[0m16:17:25.681666 [info ] [MainThread]: 
[0m16:17:25.683659 [error] [MainThread]: [31mFailure in test not_null_my_first_dbt_model_id (models\example\schema.yml)[0m
[0m16:17:25.684721 [error] [MainThread]:   Got 1 result, configured to fail if != 0
[0m16:17:25.685749 [info ] [MainThread]: 
[0m16:17:25.687658 [info ] [MainThread]:   compiled code at target\compiled\portfolio_tracker\models\example\schema.yml\not_null_my_first_dbt_model_id.sql
[0m16:17:25.688657 [info ] [MainThread]: 
[0m16:17:25.688657 [info ] [MainThread]: Done. PASS=3 WARN=0 ERROR=1 SKIP=0 NO-OP=0 TOTAL=4
[0m16:17:25.690657 [debug] [MainThread]: Command `dbt test` failed at 16:17:25.690657 after 7.20 seconds
[0m16:17:25.691695 [debug] [MainThread]: Sending event: {'category': 'dbt', 'action': 'invocation', 'label': 'end', 'context': [<snowplow_tracker.self_describing_json.SelfDescribingJson object at 0x0000023A90708C50>, <snowplow_tracker.self_describing_json.SelfDescribingJson object at 0x0000023A91168B30>, <snowplow_tracker.self_describing_json.SelfDescribingJson object at 0x0000023A9140E000>]}
[0m16:17:25.691695 [debug] [MainThread]: Flushing usage events
[0m16:17:26.501484 [debug] [MainThread]: An error was encountered while trying to flush usage events
